,Account Name,Sample3,,,,,,,,,,,,,
,Create Date,Jan 29 2013,,,,,,,,,,,,,
,,,,,,,,,,,,,,,
,,,,,,,,,,,,,,,
Ignore,Tag,Make,Model,Serial Number,IP Address,MAC Address,Location,Meter Date 1,Total Meter 1,BW Meter 1,Color Meter 1,Meter Date 2,Total Meter 2,BW Meter 2,Color Meter 2
,9.23E+57,Canon,iR5000,,10.10.24.211,00-00-85-08-02-7D, ,Sep 10 2012,767799,,,Jul 13 2012,767185,,
,03BC7C04,Canon,iR5000,,10.10.24.205,00-00-85-07-CF-C9, ,Dec 6 2012,996852,,,Jul 13 2012,993692,,
,7FEF3759,Canon,iR5000,,10.10.30.205,00-00-85-08-02-7B, ,Nov 20 2012,1423618,,,Jul 13 2012,1408217,,
,FB663741,Canon,iR5000,,10.10.41.201,00-00-85-08-02-6B, ,Aug 9 2012,1614438,,,Jul 13 2012,1603891,,
,D5497BE7,Canon,iR5000,,10.10.46.40,00-00-85-08-02-68, ,Nov 10 2012,946267,,,Jul 13 2012,942122,,
,F6C4D332,Canon,iR5000,,10.10.45.19,00-00-85-08-03-6C, ,Nov 27 2012,667380,,,Jul 13 2012,645647,,
,E5C4DCF2,Canon,LC800,MZR02923,10.10.44.22,00-00-85-A8-55-0B, ,Nov 27 2012,9165,,,Jul 13 2012,9062,,
,2C4F62FB,Canon,imageRUNNER 5070,,10.10.45.17,00-00-85-4A-C8-6E, ,Jul 25 2012,310600,,,Jul 20 2012,309818,,
,974D44C0,Canon,iR5000,,10.10.43.209,00-00-85-07-DA-48, ,Nov 20 2012,846994,,,Aug 10 2012,845731,,
,1B484A6D,Canon,imageRUNNER C3200,,10.10.30.204,00-C0-85-34-5C-EB, ,Oct 16 2012,1488543,,,Oct 3 2012,1488341,,
,947ECB47,Canon,imageRUNNER 5070,,10.10.21.203,00-00-85-48-C1-8F, ,Jul 25 2012,258541,,,Jul 20 2012,258267,,
,DD3BF6D1,Dell,W5300 Laser Printer,991YPCM,10.10.43.215,00-04-00-37-21-C9, ,Nov 26 2012,196386,,,Jul 12 2012,193779,,
,9918B81B,Konica Minolta,7145,,10.101.3.240,00-50-AA-22-09-07, ,Nov 1 2012,244839,,,Jul 13 2012,241051,,
,6234C4AC,Kyocera,FS-1128MFP,QRH1835423,10.12.131.109,00-C0-EE-93-66-9B, ,Jan 29 2013,9362,,,Jul 13 2012,5113,,
,BDF6BB92,Ricoh,Aficio MP 3351,V8314900309,10.10.10.30,00-26-73-1C-44-E2, ,Jan 29 2013,134897,133902,,Jul 13 2012,100763,100130,
,E02CDDC6,Ricoh,Ricoh,,10.10.12.200,00-00-74-92-75-57, ,,,,,,,,
,401D9162,Xerox,Phaser 3635MFP-S,BB1556386,10.10.44.19,9C-93-4E-16-C6-6B, ,Jan 29 2013,15382,15382,,Nov 7 2012,53,53,
,014F623C,Xerox,WorkCentre 6400X,KAA343112,10.10.21.201,00-00-AA-FA-B6-4C, ,Jan 29 2013,3745,1106,2639,Nov 7 2012,14,0,14
,B6894C62,Xerox,Phaser 4600DT,XLT282979,10.10.13.209,00-00-AA-D8-B8-E7, ,Jan 29 2013,3297,3297,,Oct 30 2012,10,10,
,1F8200E5,Xerox,WorkCentre 5335 Copier,AE9877990,10.10.30.209,08-00-37-C1-F7-03, ,Jan 29 2013,5005,5005,,Nov 20 2012,529,529,
,535163B0,Xerox,WorkCentre 5335 Copier,AE9877000,10.10.40.40,08-00-37-C1-D4-CF, ,Jan 29 2013,29403,29403,,Nov 20 2012,1500,1500,
,41434206,Xerox,WorkCentre 7535,XKK416852,10.10.45.17,9C-93-4E-15-61-D5, ,Jan 29 2013,13252,8988,4264,Nov 20 2012,1225,730,495
,0513DF81,Xerox,WorkCentre 7535,XKK416845,10.10.21.204,9C-93-4E-15-63-D4, ,Jan 29 2013,16878,6816,10062,Nov 15 2012,538,254,284
,66F9552E,Xerox,WorkCentre 5335 Copier,AE9877998,10.10.21.202,08-00-37-C1-F6-C9, ,Jan 29 2013,8639,8639,,Nov 15 2012,610,610,
,056C5A54,Xerox,WorkCentre 7535,XKK416006,10.10.30.204,9C-93-4E-15-58-3B, ,Jan 29 2013,17878,11653,6225,Oct 12 2012,38,23,15
,2D9CE925,Xerox,Phaser 3635MFP-S,BB1556264,10.10.43.236,9C-93-4E-16-C8-70, ,Jan 29 2013,3130,3130,,Nov 8 2012,177,177,
,06C73FC0,Xerox,WorkCentre 6400X,KAA343207,10.10.43.217,00-00-AA-FA-B5-C2, ,Jan 29 2013,10495,6038,4457,Nov 8 2012,32,21,11
,F5591C22,Xerox,WorkCentre 6400X,KAA343210,10.10.29.209,00-00-AA-FA-AB-4E, ,Jan 29 2013,4465,745,3720,Nov 8 2012,35,9,26
,718F2EAA,Xerox,WorkCentre 6400X,KAA343007,10.10.30.200,00-00-AA-FA-B6-34, ,Jan 29 2013,2094,998,1096,Nov 8 2012,12,2,10
,7DD059FD,Xerox,Phaser 3635MFP-S,BB1556197,10.10.43.216,9C-93-4E-16-C7-E2, ,Jan 29 2013,3483,3483,,Nov 10 2012,32,32,
,B4E9F385,Xerox,4112 Copier/Printer with FreeFlow,DP123,10.10.41.207,00-14-4F-F7-57-72, ,Nov 27 2012,146353,,,Jul 13 2012,148472,,
,4.99E+72,Xerox,WorkCentre 3210,UAG352104,10.10.35.200,00-00-AA-F1-40-B7, ,Aug 16 2012,2380,2381,,Jul 13 2012,2380,2380,
,C253A951,Xerox,WorkCentre 7525,XKK409518,10.10.20.123,9C-93-4E-03-DB-92, ,Jan 29 2013,23732,10200,13532,Jul 13 2012,42,16,26
,C6526187,Xerox,WorkCentre 3220,UAK513007,10.12.45.101,00-00-AA-F0-B8-45, ,Oct 26 2012,5668,7013,,Jul 13 2012,5342,5417,
,26A5C6E7,Xerox,WorkCentre 5775 v1 Multifunction System,XEL566847,10.10.42.96,9C-93-4E-04-E7-2A, ,Jan 29 2013,323,,,Dec 18 2012,6,,
,C1E16FF0,Xerox,Phaser 3250 Series,MXX503887,10.10.44.100,00-00-AA-B0-CD-4D, ,Dec 11 2012,937,937,0,Jul 12 2012,764,764,0
,994638F9,Xerox,WorkCentre 7556,XKP535662,10.10.40.213,9C-93-4E-02-62-8E, ,Jan 29 2013,85107,25250,59857,Jul 13 2012,4990,914,4076
,C961A9AF,Xerox,Phaser 3635MFP-S,BB1558853,10.10.24.210,9C-93-4E-16-DE-9C, ,Jan 29 2013,685,685,,Jan 8 2013,42,42,
,8ED0FCAB,Xerox,WorkCentre 7535,XKK419783,10.10.46.200,9C-93-4E-15-99-48, ,Jan 29 2013,3067,2874,193,Jan 15 2013,333,286,47
,328D8503,Xerox,Phaser 3635MFP-S,BB1558855,10.10.27.206,9C-93-4E-16-DE-78, ,Jan 29 2013,1300,1300,,Jan 15 2013,126,126,
,17B79246,Xerox,Phaser 3635MFP-S,BB1558852,10.10.24.208,9C-93-4E-16-DE-A1, ,Jan 29 2013,826,826,,Jan 15 2013,101,101,
,A2A75F79,Xerox,WorkCentre 5775 Copier/Printer/Mono Scanner,XEL560001,10.10.41.201,00-00-AA-F9-9C-F7, ,Jan 29 2013,43259,43259,,Jul 17 2012,78,78,
,AA6EA4C2,Xerox,WorkCentre 7535,XKK419782,10.10.27.202,9C-93-4E-15-99-3F, ,Jan 29 2013,1937,1688,251,Jan 22 2013,981,900,81
,74CDC4BF,Xerox,Phaser 3635MFP-S,BB1558851,10.10.13.202,9C-93-4E-16-DE-99, ,Jan 29 2013,1378,1378,,Jan 22 2013,231,231,
,0E9ADA83,Xerox,Phaser 4600,XLT283159,10.10.19.200,00-00-AA-D8-B9-80, ,Jan 29 2013,553,553,,,,,
,DF13F619,Xerox,WorkCentre 5335 Copier,AE9877994,10.10.46.200,08-00-37-C1-F6-DA, ,Jan 11 2013,5785,5785,,Dec 4 2012,1076,1076,
,FEC24227,Xerox,Phaser 3635MFP-S,BB1555770,10.10.46.211,9C-93-4E-16-C6-BE, ,Jan 29 2013,2610,2610,,Dec 4 2012,307,307,
,3FD5C19E,Xerox,Phaser 3635MFP-S,BB1556263,10.10.46.201,9C-93-4E-16-C7-F5, ,Jan 29 2013,5107,5107,,Dec 4 2012,463,463,
,B69201DA,Xerox,WorkCentre 7556,XKP551167,10.10.45.213,9C-93-4E-15-5E-F8, ,Jan 29 2013,27890,18316,9574,Dec 4 2012,1205,1106,99
,8C098B65,Xerox,WorkCentre 7535,XKK418552,10.10.45.214,9C-93-4E-15-7E-DA, ,Jan 29 2013,8711,6672,2039,Dec 4 2012,239,189,50
,75C967A9,Xerox,WorkCentre 7535,XKK416887,10.10.34.204,9C-93-4E-15-60-E7, ,Jan 29 2013,4063,572,3491,Dec 4 2012,174,20,154
,456D9E9F,Xerox,WorkCentre 5775 Copier/Printer/Mono Scanner,XEL625762,10.10.34.207,9C-93-4E-04-C5-D5, ,Jan 29 2013,5255,5255,,Dec 4 2012,761,,
,5EF8C4F2,Xerox,Phaser 3635MFP-S,BB1556220,10.10.30.44,9C-93-4E-16-C8-45, ,Jan 29 2013,3472,3472,,Dec 4 2012,124,124,
,75288759,Xerox,WorkCentre 5335 Copier,AE9877225,10.10.30.207,08-00-37-C1-D8-A7, ,Jan 29 2013,14936,14936,,Nov 26 2012,585,585,
,D2E9A9EB,Xerox,Phaser 3635MFP-S,BB1556189,10.10.24.207,9C-93-4E-16-C8-D2, ,Jan 29 2013,1135,1135,,Dec 10 2012,100,100,
,3CD759A8,Xerox,Phaser 3635MFP-S,BB1556191,10.10.27.200,9C-93-4E-16-C7-E7, ,Jan 29 2013,2348,2348,,Dec 10 2012,131,131,
,F8A0F4CC,Xerox,WorkCentre 6400X,KAA343126,10.10.27.214,00-00-AA-FA-B6-7C, ,Jan 29 2013,2270,1645,625,Dec 10 2012,244,215,29
,5A6C6C53,Xerox,WorkCentre 7556 v1 Multifunction System,XKP552073,10.101.3.244,9C-93-4E-15-60-3D, ,Jan 26 2013,7802,1945,5857,Dec 10 2012,558,455,103
,CD7ABBB9,Xerox,WorkCentre 3220,UAK521261,10.12.140.233,9C-93-4E-07-98-62, ,Jan 29 2013,3145,3146,,Dec 11 2012,2139,2139,
,0D36FA56,Xerox,WorkCentre 5335 Copier,AE9205959,10.10.29.208,08-00-37-C1-58-E4, ,Jan 29 2013,42937,42937,,Jul 13 2012,76,76,
,AE66DC28,Hewlett-Packard,Color LaserJet CP1518ni,CNCC93804C,10.101.3.214,00-1F-29-2D-A9-A9, ,Jan 23 2013,3061,543,2518,Jul 13 2012,1851,311,1540
,91CED85D,Hewlett-Packard,ZTC LP2844-Z-200dpi,,10.10.46.208,00-07-4D-28-D2-A9, ,,,,,,,,
,86BDDB30,Hewlett-Packard,LaserJet P4515n,CNDY140841,10.12.135.198,00-21-5A-7F-5D-76, ,Jan 29 2013,30667,30667,,Jul 13 2012,22767,22767,
,2651244E,Hewlett-Packard,LaserJet 4300,CNGY521950,10.10.54.200,00-11-0A-C2-4A-EB, ,Jan 29 2013,82308,,,Jul 13 2012,77561,,
,F2AC395B,Hewlett-Packard,LaserJet P4015,CNDY888994,10.12.10.40,68-B5-99-A9-57-42, ,Jan 29 2013,43219,43219,,Jul 13 2012,32767,32767,
,73ABE31E,Hewlett-Packard,LaserJet 4000 Series,USEK069514,10.101.3.204,00-60-B0-C6-D2-35, ,Dec 21 2012,356681,,,Jul 13 2012,356219,,
,A1FED53F,Hewlett-Packard,Color LaserJet CP2025dn,CNGS496225,10.10.47.207,3C-D9-2B-A2-AD-90, ,Jan 29 2013,3502,513,2989,Jul 13 2012,473,34,439
,263109D7,Hewlett-Packard,ZTC TLP3844-Z-300dpi,,10.12.12.41,00-07-4D-29-C0-1A, ,,,,,,,,
,2D1B7537,Hewlett-Packard,LaserJet P2055dn,VNB3100193,10.12.135.25,44-1E-A1-32-7E-A2, ,Jan 29 2013,2496,2496,,Jul 13 2012,509,509,
,642F3015,Hewlett-Packard,LaserJet 4350,CNGXF08863,10.101.3.209,00-14-38-5C-3A-8F, ,Jan 26 2013,131749,131749,,Jul 13 2012,125818,125818,
,D7E7E03F,Hewlett-Packard,LaserJet 4000 Series,USMB030145,10.12.130.170,00-60-B0-72-52-77, ,Jan 29 2013,216386,,,Jul 13 2012,200677,,
,25FBFE47,Hewlett-Packard,ZTC TLP3844-Z-300dpi,,10.12.10.41,00-07-4D-29-C0-19, ,,,,,,,,
,C04372A6,Hewlett-Packard,LaserJet P4015,CNDY800597,10.10.251.40,00-23-7D-86-1D-92, ,Nov 6 2012,561065,561065,,Jul 13 2012,501454,501454,
,DB14C71A,Hewlett-Packard,ZTC LP2844-Z-200dpi,,10.12.135.14,00-07-4D-21-FA-85, ,,,,,,,,
,46C7AF5E,Hewlett-Packard,ZTC TLP3844-Z-300dpi,,10.12.14.43,00-07-4D-29-BE-EC, ,,,,,,,,
,115CFA35,Hewlett-Packard,LaserJet 4300,CNGY512940,10.101.64.203,00-01-E6-97-9C-13, ,Jan 26 2013,170275,,,Jul 13 2012,156129,,
,67917253,Hewlett-Packard,ZTC LP2844-Z-200dpi,,10.12.133.192,00-07-4D-21-47-29, ,,,,,,,,
,831E3113,Hewlett-Packard,ZTC TLP3844-Z-300dpi,,10.12.134.222,00-07-4D-28-C6-AC, ,,,,,,,,
,F29988ED,Hewlett-Packard,LaserJet 4300,CNGY525573,10.10.47.203,00-30-6E-D5-89-52, ,Jan 29 2013,322190,,,Jul 13 2012,317099,,
,62E3D241,Hewlett-Packard,LaserJet 4300,CNBY802666,10.12.17.170,00-01-E6-A7-6F-35, ,Jan 29 2013,848881,,,Jul 13 2012,839221,,
,A44B81A9,Hewlett-Packard,LaserJet 4300,CNGY415878,10.101.64.202,00-11-0A-EC-67-4C, ,Jan 26 2013,223204,,,Jul 13 2012,205566,,
,6A1A2156,Hewlett-Packard,ZTC LP2844-Z-200dpi,,10.12.134.216,00-07-4D-2A-04-3B, ,,,,,,,,
,7D66ED81,Hewlett-Packard,ZTC TLP3844-Z-300dpi,,10.12.136.141,00-07-4D-2A-14-AD, ,,,,,,,,
,BDB26127,Hewlett-Packard,LaserJet 4300,CNDY500848,10.10.47.204,00-01-E6-AF-53-D6, ,Nov 27 2012,178744,,,Jul 13 2012,166263,,
,7531E413,Hewlett-Packard,ZTC TLP3844-Z-300dpi,,10.12.136.140,00-07-4D-28-AC-FA, ,,,,,,,,
,55594C95,Hewlett-Packard,ZTC LP2844-Z-200dpi,,10.12.133.197,00-07-4D-33-04-97, ,,,,,,,,
,7CE45383,Hewlett-Packard,ZTC LP2844-Z-200dpi,,10.10.43.201,00-07-4D-24-3F-71, ,,,,,,,,
,3EF7D9E3,Hewlett-Packard,ZTC TLP3844-Z-300dpi,,10.12.5.41,00-07-4D-2A-28-A9, ,,,,,,,,
,4227B449,Hewlett-Packard,LaserJet 4050 Series,USCC095615,10.101.3.203,00-10-83-91-9F-8D, ,Jan 26 2013,118188,,,Jul 13 2012,113675,,
,189E93B9,Hewlett-Packard,LaserJet P2015 Series,CNBJS28739,10.12.139.34,00-1B-78-1E-1B-97, ,Jan 29 2013,80171,80171,,Jul 13 2012,62737,62737,
,96087F1E,Hewlett-Packard,ZTC TLP3844-Z-300dpi,,10.12.136.143,00-07-4D-29-F1-FC, ,,,,,,,,
,1E44487C,Hewlett-Packard,LaserJet 600 M602,TD051FK,10.12.16.40,80-C1-6E-91-3A-2E, ,Jan 29 2013,8602,8602,,Jul 13 2012,1559,1559,
,9B800515,Hewlett-Packard,LaserJet 8150 Series,XXXXXXXXXX,10.10.46.200,00-11-0A-BD-D5-5B, ,Nov 27 2012,694983,,,Jul 13 2012,686438,,
,F56E7DB8,Hewlett-Packard,ZTC TLP3844-Z-300dpi,,10.12.135.197,00-07-4D-29-72-FC, ,,,,,,,,
,4CE285D7,Hewlett-Packard,ZTC LP2844-Z-200dpi,,10.12.135.41,00-07-4D-29-43-4F, ,,,,,,,,
,73DDF738,Hewlett-Packard,LaserJet 1300N,CNCB155363,10.12.128.44,00-0E-7F-31-D7-0E, ,Jan 26 2013,127147,,,Jul 13 2012,123137,,
,36ADE8A1,Hewlett-Packard,ZTC LP2844-Z-200dpi,,10.10.46.209,00-40-68-1D-BD-08, ,,,,,,,,
,4D832A85,Hewlett-Packard,ZTC TLP3844-Z-300dpi,,10.12.16.41,00-07-4D-29-90-72, ,,,,,,,,
,E0B6F661,Hewlett-Packard,ZTC LP2844-Z-200dpi,,10.12.135.45,00-07-4D-28-52-3E, ,,,,,,,,
,7C57E2B1,Hewlett-Packard,ZTC DA402-200dpi,,10.10.29.217,00-40-68-1D-14-6E, ,,,,,,,,
,B660BA2D,Hewlett-Packard,LaserJet 600 M602,TD05665,10.12.14.40,80-C1-6E-92-E4-07, ,Jan 29 2013,16751,16751,,Jul 13 2012,5645,5645,
,82973962,Hewlett-Packard,ZTC LP2844-Z-200dpi,,10.12.135.43,00-07-4D-29-43-F9, ,,,,,,,,
,26F9F317,Hewlett-Packard,ZTC LP2844-Z-200dpi,,10.12.135.20,00-07-4D-21-46-FA, ,,,,,,,,
,3B08EEDF,Hewlett-Packard,LaserJet 4200,CNBX402930,10.101.3.202,00-60-B0-B9-C7-B4, ,Jan 26 2013,183855,,,Jul 13 2012,173522,,
,3B52802C,Hewlett-Packard,ZTC LP2844-Z-200dpi,,10.12.134.217,00-07-4D-24-36-BA, ,,,,,,,,
,BD696AFE,Hewlett-Packard,LaserJet 4300,CNGY513939,10.12.14.41,00-11-0A-C3-9F-F9, ,Jan 29 2013,197680,,,Jul 13 2012,195551,,
,2CC9D64F,Hewlett-Packard,ZTC LP2844-Z-200dpi,,10.12.138.183,00-07-4D-2A-5E-00, ,,,,,,,,
,419A8E13,Hewlett-Packard,LaserJet 4000 Series,USEL013438,10.101.66.27,08-00-09-BB-97-A0, ,Nov 20 2012,244960,,,Jul 13 2012,235279,,
,B406D43A,Hewlett-Packard,ZTC LP2844-Z-200dpi,,10.12.135.190,00-07-4D-22-02-2E, ,,,,,,,,
,2DF0F878,Hewlett-Packard,ZTC LP2844-Z-200dpi,,10.12.138.177,00-07-4D-28-FC-26, ,,,,,,,,
,6643A130,Hewlett-Packard,LaserJet P2055dn,VNB3X02589,10.101.66.205,44-1E-A1-34-E2-E0, ,Jan 29 2013,15043,15043,,Jul 13 2012,5321,5321,
,5B9446A3,Hewlett-Packard,ZTC TLP3844-Z-300dpi,,10.12.7.171,00-07-4D-2A-D1-49, ,,,,,,,,
,611DFD0D,Hewlett-Packard,ZTC TLP3844-Z-300dpi,,10.12.135.11,00-07-4D-29-84-CF, ,,,,,,,,
,C9A42F62,Hewlett-Packard,ZTC 105SL-300dpi,,10.12.139.177,00-07-4D-25-5D-64, ,,,,,,,,
,5BDB0FDC,Hewlett-Packard,LaserJet 4100 Series,USJNF28194,10.12.7.170,00-01-E6-54-3D-24, ,Jan 29 2013,135570,,,Jul 13 2012,129870,,
,CBD19FA8,Hewlett-Packard,ZTC LP2844-Z-200dpi,,10.12.130.184,00-07-4D-32-4E-B9, ,,,,,,,,
,C5387786,Hewlett-Packard,LaserJet P2055dn,VNB3Y02056,10.101.66.204,2C-76-8A-3E-EE-C6, ,Jan 29 2013,25875,25875,,Jul 13 2012,7956,7956,
,AE9924C0,Hewlett-Packard,ZTC TLP3844-Z-300dpi,,10.101.96.101,00-07-4D-29-BA-0A, ,,,,,,,,
,0988BD5C,Hewlett-Packard,ZTC TLP3844-Z-300dpi,,10.12.136.144,00-07-4D-2A-DC-6C, ,,,,,,,,
,6CB563BF,Hewlett-Packard,ZTC TLP3844-Z-300dpi,,10.101.104.101,00-07-4D-2F-FF-B2, ,,,,,,,,
,9B7FBE23,Hewlett-Packard,ZTC TLP3844-Z-300dpi,,10.101.103.231,00-07-4D-2A-0A-CC, ,,,,,,,,
,455DC704,Hewlett-Packard,ZTC TLP3844-Z-300dpi,,10.12.135.200,00-07-4D-2B-35-DC, ,,,,,,,,
,13F683A7,Hewlett-Packard,ZTC TLP3844-Z-300dpi,,10.101.104.231,00-07-4D-2A-DD-6E, ,,,,,,,,
,BF804B60,Hewlett-Packard,LaserJet 600 M602,TD03H34,10.101.66.203,E8-39-35-93-23-DB, ,Jan 29 2013,30312,30312,,Jul 13 2012,9991,9991,
,5137325D,Hewlett-Packard,ZTC LP2844-Z-200dpi,,10.101.64.215,00-07-4D-21-FA-7F, ,,,,,,,,
,85E81A15,Hewlett-Packard,ZTC LP2844-Z-200dpi,,10.12.135.199,00-07-4D-28-0D-F2, ,,,,,,,,
,8CE48E44,Hewlett-Packard,LaserJet 4300,CNGY424582,10.12.128.48,00-11-0A-F6-62-F2, ,Jan 26 2013,379982,,,Jul 13 2012,352390,,
,0B98E51C,Hewlett-Packard,LaserJet 4350,JPRFH19563,10.12.8.40,00-1E-0B-11-FB-0E, ,Jan 29 2013,95193,95193,,Jul 13 2012,85769,85769,
,D867C786,Hewlett-Packard,ZTC TLP3844-Z-300dpi,,10.101.64.216,00-07-4D-2A-24-59, ,,,,,,,,
,3C0156B6,Hewlett-Packard,ZTC TLP3844-Z-300dpi,,10.101.101.231,00-07-4D-2A-24-40, ,,,,,,,,
,CC645C24,Hewlett-Packard,ZTC LP2844-Z-200dpi,,10.12.136.188,00-07-4D-22-68-94, ,,,,,,,,
,03236CA8,Hewlett-Packard,ZTC TLP3844-Z-300dpi,,10.12.135.196,00-07-4D-29-61-4A, ,,,,,,,,
,624E96C7,Hewlett-Packard,LaserJet 4300,CNGY512938,10.101.64.212,00-30-6E-C9-8B-EF, ,Jan 29 2013,142753,,,Jul 13 2012,120351,,
,CFD4A120,Hewlett-Packard,ZTC LP2844-Z-200dpi,,10.12.135.47,00-07-4D-28-54-48, ,,,,,,,,
,3448A49B,Hewlett-Packard,ZTC LP2844-Z-200dpi,,10.12.129.49,00-07-4D-22-17-AE, ,,,,,,,,
,D6C8B49F,Hewlett-Packard,LaserJet 4300,CNGY509489,10.101.64.212,00-30-6E-C3-A9-D5, ,Sep 13 2012,137387,,,Jul 13 2012,134197,,
,9CE1A5B2,Hewlett-Packard,ZTC LP2844-Z-200dpi,,10.12.135.188,00-07-4D-21-42-30, ,,,,,,,,
,F8C52188,Hewlett-Packard,ZTC LP2844-Z-200dpi,,10.101.68.206,00-07-4D-21-B3-F3, ,,,,,,,,
,F7370070,Hewlett-Packard,LaserJet P4015,CNDY272555,10.101.67.200,00-23-7D-84-95-4B, ,Jan 26 2013,189999,189999,,Jul 13 2012,155875,155875,
,0D413BFA,Hewlett-Packard,ZTC LP2844-Z-200dpi,,10.12.135.189,00-07-4D-21-42-25, ,,,,,,,,
,006EF05F,Hewlett-Packard,LaserJet 4100 Series,USBNF19280,10.10.11.200,00-30-C1-30-12-76, ,Jan 29 2013,135589,,,Jul 13 2012,134143,,
,2E431BE0,Hewlett-Packard,ZTC TLP3844-Z-300dpi,,10.12.9.41,00-07-4D-29-B9-B8, ,,,,,,,,
,F59E0628,Hewlett-Packard,ZTC TLP3844-Z-300dpi,,10.101.64.209,00-07-4D-29-73-20, ,,,,,,,,
,DE715079,Hewlett-Packard,ZTC LP2844-Z-200dpi,,10.12.130.182,00-07-4D-21-F5-73, ,,,,,,,,
,D6FBC90D,Hewlett-Packard,LaserJet 600 M602,TD03HFN,10.101.66.215,E8-39-35-92-A7-61, ,Jan 29 2013,28461,28461,,Jul 13 2012,10934,10934,
,4AE0A7D6,Hewlett-Packard,LaserJet 600 M602,TD218H3,10.101.66.214,A0-B3-CC-9D-1D-07, ,Jan 29 2013,18618,18618,,Jul 13 2012,1394,1394,
,36383D99,Hewlett-Packard,ZTC TLP3844-Z-300dpi,,10.12.5.171,00-07-4D-29-3D-39, ,,,,,,,,
,1069CFA7,Hewlett-Packard,LaserJet 4350,CNGXD60695,10.101.66.216,00-14-38-9F-DF-3D, ,Jan 29 2013,81008,81008,,Jul 13 2012,77081,77081,
,869C5454,Hewlett-Packard,LaserJet 4350,CNGXD68522,10.101.66.210,00-14-38-CB-CF-19, ,Jan 29 2013,77448,77448,,Jul 13 2012,73934,73934,
,7973D017,Hewlett-Packard,ZTC LP2844-Z-200dpi,,10.12.130.181,00-07-4D-21-E9-7A, ,,,,,,,,
,122F6734,Hewlett-Packard,ZTC TLP3844-Z-300dpi,,10.101.102.101,00-07-4D-2A-24-61, ,,,,,,,,
,B99D72E5,Hewlett-Packard,LaserJet P4015,CNDY839049,10.12.27.170,F4-CE-46-51-C4-FE, ,Jan 29 2013,25173,25173,,Jul 13 2012,20379,20379,
,B50D0ABE,Hewlett-Packard,ZTC TLP3844-Z-300dpi,,10.101.105.231,00-07-4D-2A-23-E1, ,,,,,,,,
,6A304A30,Hewlett-Packard,ZTC LP2844-Z-200dpi,,10.101.64.206,00-07-4D-21-4B-87, ,,,,,,,,
,B643E4CA,Hewlett-Packard,ZTC LP2844-Z-200dpi,,10.12.136.45,00-07-4D-29-7B-D8, ,,,,,,,,
,B5630120,Hewlett-Packard,LaserJet 4350,CNGXD68113,10.101.66.212,00-14-38-CB-CF-1E, ,Jan 29 2013,79595,79595,,Jul 13 2012,71698,71698,
,A1F74B00,Hewlett-Packard,ZTC LP2844-Z-200dpi,,10.12.136.47,00-07-4D-2A-A7-B1, ,,,,,,,,
,B2FBAF43,Hewlett-Packard,ZTC LP2844-Z-200dpi,,10.12.134.218,00-07-4D-21-F5-68, ,,,,,,,,
,31D49A2F,Hewlett-Packard,ZTC LP2844-Z-200dpi,,10.101.68.217,00-07-4D-21-4B-15, ,,,,,,,,
,AC474C35,Hewlett-Packard,LaserJet 4000 Series,USEB037497,10.101.68.209,00-1B-78-F1-E3-54, ,Jan 26 2013,84793,,,Jul 13 2012,83370,,
,D56030D8,Hewlett-Packard,LaserJet 4300,CNGY303753,10.12.128.49,00-0E-7F-34-03-D1, ,Jan 26 2013,142494,,,Jul 13 2012,133750,,
,CE076C29,Hewlett-Packard,LaserJet P4015,CNDY857623,10.12.22.40,78-E7-D1-A2-01-96, ,Jan 29 2013,52358,52358,,Jul 13 2012,39133,39133,
,35E87ABF,Hewlett-Packard,LaserJet 4350,CNGXF58148,10.101.68.203,00-14-38-99-01-EE, ,Jan 26 2013,46558,46558,,Jul 13 2012,42012,42012,
,C45189C9,Hewlett-Packard,LaserJet P4015,CNDY867372,10.101.67.218,1C-C1-DE-13-8B-63, ,Jan 26 2013,21573,21573,,Jul 13 2012,14417,14417,
,D2257E54,Hewlett-Packard,LaserJet P4015,CNDY937549,10.101.67.219,78-AC-C0-91-A0-F3, ,Jan 26 2013,12747,12747,,Jul 13 2012,9499,9499,
,488F6959,Hewlett-Packard,LaserJet P4015,JPDF270613,10.12.20.170,68-B5-99-AC-68-CF, ,Jan 29 2013,27849,27849,,Jul 13 2012,21530,21530,
,5885C1A4,Hewlett-Packard,ZTC LP2844-Z-200dpi,,10.12.130.183,00-07-4D-21-FA-87, ,,,,,,,,
,AF2CBB56,Hewlett-Packard,ZTC TLP3844-Z-300dpi,,10.101.64.201,00-07-4D-28-77-74, ,,,,,,,,
,7B9F58CC,Hewlett-Packard,LaserJet 4350,CNGXF58170,10.101.68.204,00-14-38-99-43-AD, ,Jan 26 2013,93530,93530,,Jul 13 2012,83382,83382,
,30E5708E,Hewlett-Packard,LaserJet P4015,CNDY904281,10.12.128.41,F4-CE-46-4B-6A-28, ,Jan 26 2013,15147,15147,,Jul 13 2012,11426,11426,
,61A69877,Hewlett-Packard,LaserJet 4250,CNRXC87485,10.101.67.208,00-17-08-8D-87-7F, ,Jul 13 2012,96621,96621,,,,,
,C0552C6B,Hewlett-Packard,LaserJet 1022N,,10.12.128.11,00-1A-4B-15-B2-44, ,,,,,,,,
,B050D9C4,Hewlett-Packard,LaserJet 600 M602,CNBCD4H151,10.101.67.209,80-C1-6E-94-94-34, ,Jan 26 2013,17876,17876,,Jul 13 2012,2557,2557,
,1EBA3219,Hewlett-Packard,ZTC TLP3844-Z-300dpi,,10.12.130.147,00-07-4D-29-B8-DE, ,,,,,,,,
,2C24EBE1,Hewlett-Packard,ZTC TLP3844-Z-300dpi,,10.12.21.171,00-07-4D-29-C0-10, ,,,,,,,,
,D78EF237,Hewlett-Packard,LaserJet 2300 series,CNBGH07160,10.12.129.175,00-30-C1-5F-39-E6, ,Jan 26 2013,67019,,,Jul 13 2012,54379,,
,CDC2458E,Hewlett-Packard,LaserJet 600 M602,TD207B9,10.101.67.206,80-C1-6E-95-13-80, ,Jan 26 2013,20788,20788,,Jul 13 2012,3594,3594,
,C1663528,Hewlett-Packard,LaserJet 4350,CNRXR44122,10.12.22.170,00-1B-78-14-89-CD, ,Jan 29 2013,134484,134484,,Jul 13 2012,119267,119267,
,E8FD23BD,Hewlett-Packard,ZTC LP2844-Z-200dpi,,10.12.128.56,00-07-4D-33-01-5F, ,,,,,,,,
,4F1904CF,Hewlett-Packard,ZTC LP2844-Z-200dpi,,10.12.129.56,00-07-4D-32-4B-CD, ,,,,,,,,
,F25638E2,Hewlett-Packard,LaserJet 4300,CNDY510098,10.12.26.40,00-01-E6-9F-67-19, ,Jan 29 2013,210058,,,Jul 13 2012,198227,,
,2C216CE0,Hewlett-Packard,LaserJet 600 M602,CNBCD4H14T,10.101.67.207,80-C1-6E-94-24-53, ,Jan 26 2013,14443,14443,,Jul 13 2012,3112,3112,
,F588898C,Hewlett-Packard,ZTC LP2844-Z-200dpi,,10.12.129.47,00-07-4D-28-12-E9, ,,,,,,,,
,E1E82C99,Hewlett-Packard,LaserJet 600 M602,CNBCD1C2QL,10.101.67.204,E8-39-35-90-7C-9D, ,Jan 26 2013,18925,18925,,Jul 13 2012,5017,5017,
,EA99A0DF,Hewlett-Packard,LaserJet P4015,CNDY890249,10.12.24.40,68-B5-99-A9-67-50, ,Jan 29 2013,88701,88701,,Jul 13 2012,67665,67665,
,5E2DDDF1,Hewlett-Packard,ZTC TLP3844-Z-300dpi,,10.12.129.25,00-07-4D-29-C0-1D, ,,,,,,,,
,21066ADB,Hewlett-Packard,LaserJet 600 M602,CNBCD4H15B,10.101.67.205,80-C1-6E-92-2F-79, ,Jan 26 2013,15507,15507,,Jul 13 2012,2664,2664,
,7C9CF90B,Hewlett-Packard,ZTC LP2844-Z-200dpi,,10.12.129.52,00-07-4D-28-29-D4, ,,,,,,,,
,EE3B845D,Hewlett-Packard,ZTC TLP3844-Z-300dpi,,10.12.23.171,00-07-4D-29-5F-F0, ,,,,,,,,
,717CF862,Hewlett-Packard,ZTC TLP3844-Z-300dpi,,10.12.129.27,00-07-4D-2A-31-88, ,,,,,,,,
,994541D5,Hewlett-Packard,LaserJet M3035 MFP,CNQCB50433,10.12.27.40,98-4B-E1-3B-95-39, ,Jan 29 2013,36556,36556,,Jul 13 2012,26760,26760,
,9DCACC97,Hewlett-Packard,ZTC TLP3844-Z-300dpi,,10.12.129.24,00-07-4D-29-B3-8C, ,,,,,,,,
,81B183DF,Hewlett-Packard,LaserJet 600 M602,TD207BA,10.101.67.227,80-C1-6E-95-13-7D, ,Jan 26 2013,7490,7490,,Jul 13 2012,10,10,
,3ECF040F,Hewlett-Packard,ZTC 105SL-300dpi,,10.12.128.60,00-07-4D-22-60-DE, ,,,,,,,,
,B887EA24,Hewlett-Packard,ZTC 105SL-300dpi,,10.12.129.179,00-07-4D-21-79-70, ,,,,,,,,
,58F27866,Hewlett-Packard,LaserJet 4300,CNGY403337,10.101.68.210,00-01-E6-4C-9F-D7, ,Jan 26 2013,246160,,,Jul 13 2012,231557,,
,C100B27C,Hewlett-Packard,ZTC LP2844-Z-200dpi,,10.12.129.176,00-07-4D-2A-64-DC, ,,,,,,,,
,5B91F50A,Hewlett-Packard,LaserJet P4015,CNDY819183,10.12.131.45,F4-CE-46-3B-4A-4E, ,Jan 29 2013,55141,55141,,Jul 13 2012,42162,42162,
,8097F006,Hewlett-Packard,LaserJet 4300,CNGY502438,10.101.68.213,00-01-E6-AF-54-90, ,Jan 26 2013,102966,,,Jul 13 2012,99146,,
,07DB3D2F,Hewlett-Packard,LaserJet P4015,CNDY858432,10.12.24.170,78-E7-D1-A2-11-A7, ,Jan 29 2013,39487,39487,,Jul 13 2012,30876,30876,
,7E77576E,Hewlett-Packard,LaserJet 4000 Series,USMB029343,10.12.132.171,00-60-B0-92-EE-0E, ,Jan 29 2013,227678,,,Jul 13 2012,217930,,
,312093BA,Hewlett-Packard,LaserJet 4300,CNGY402489,10.101.68.215,00-01-E6-59-A8-CB, ,Jan 26 2013,117027,,,Jul 13 2012,111299,,
,59FE62A9,Hewlett-Packard,LaserJet 4300,CNGY516575,10.101.68.214,00-01-E6-7C-7D-2A, ,Jan 26 2013,279239,,,Jul 13 2012,266818,,
,5689B0AC,Hewlett-Packard,LaserJet 4200,CNBX305125,10.101.97.100,00-01-E6-57-87-10, ,Jan 26 2013,243887,,,Jul 13 2012,225195,,
,BE78B6F5,Hewlett-Packard,LaserJet P4015,CNDY946392,10.12.131.43,9C-8E-99-8A-C8-28, ,Jan 29 2013,19970,19970,,Jul 13 2012,9978,9978,
,58C37096,Hewlett-Packard,ZTC TLP3844-Z-300dpi,,10.12.23.41,00-07-4D-29-C0-22, ,,,,,,,,
,056377D2,Hewlett-Packard,LaserJet P2015 Series,CNBJP41230,10.12.131.23,00-1A-4B-2B-41-43, ,Jan 29 2013,23214,23214,,Jul 13 2012,19773,19773,
,6.89E+19,Hewlett-Packard,LaserJet P2055dn,CNB9N48921,10.101.68.216,00-23-7D-85-AE-14, ,Jan 26 2013,104329,104329,,Jul 13 2012,79399,79399,
,04BC7751,Hewlett-Packard,LaserJet 4350,CNGXL00542,10.12.131.42,00-14-38-DB-36-38, ,Jan 29 2013,137444,137444,,Jul 13 2012,126785,126785,
,EB4F81DC,Hewlett-Packard,LaserJet P4015,CNDY841694,10.12.23.40,78-E7-D1-9F-6B-DA, ,Jan 29 2013,43531,43531,,Jul 13 2012,36638,36638,
,5BF700BD,Hewlett-Packard,LaserJet 4000 Series,USSC033280,10.12.131.40,00-60-B0-D3-6C-86, ,Jan 29 2013,605015,,,Jul 13 2012,601666,,
,22FBEF80,Hewlett-Packard,ZTC TLP3844-Z-300dpi,,10.12.21.41,00-07-4D-2A-29-BA, ,,,,,,,,
,ACAC2E92,Hewlett-Packard,LaserJet 4350,CNGXJ30216,10.12.131.62,00-14-38-D1-E8-78, ,Jan 29 2013,139083,139083,,Jul 13 2012,127779,127779,
,607F3DF6,Hewlett-Packard,LaserJet 4350,CNGXF75998,10.12.131.100,00-14-38-D1-D8-41, ,Jan 29 2013,111068,111068,,Jul 13 2012,109089,109089,
,2F56CDF0,Hewlett-Packard,LaserJet M3027 MFP,CNNLB16679,10.12.21.40,00-21-5A-96-02-57, ,Jan 29 2013,75265,75265,,Jul 13 2012,64917,64917,
,CAAAA0CA,Hewlett-Packard,LaserJet 4350,CNRXR21316,10.12.131.47,00-1A-4B-26-22-CB, ,Jan 29 2013,68106,68106,,Jul 13 2012,64661,64661,
,4799BFC4,Hewlett-Packard,ZTC TLP3844-Z-300dpi,,10.12.17.171,00-07-4D-2A-D3-09, ,,,,,,,,
,3CC1B7EA,Hewlett-Packard,LaserJet 4000 Series,USEX027032,10.12.21.170,00-60-B0-7A-D0-FC, ,Aug 20 2012,153353,,,Jul 13 2012,151964,,
,D725FBA4,Hewlett-Packard,ZTC TLP3844-Z-300dpi,,10.12.22.171,00-07-4D-28-C9-F9, ,,,,,,,,
,65102D3E,Hewlett-Packard,LaserJet M3035 MFP,CNQCB25340,10.12.23.170,1C-C1-DE-13-BC-A2, ,Jan 29 2013,63728,63728,,Jul 13 2012,50500,50500,
,F9469739,Hewlett-Packard,LaserJet M3035 MFP,CNQCB74208,10.12.28.40,08-2E-5F-B8-CC-33, ,Jan 29 2013,63881,63881,,Jul 13 2012,32396,32396,
,0ED701DA,Hewlett-Packard,ZTC TLP3844-Z-300dpi,,10.12.26.171,00-07-4D-2A-DD-70, ,,,,,,,,
,CBE03CB9,Hewlett-Packard,ZTC TLP3844-Z-300dpi,,10.12.32.41,00-07-4D-2A-A0-C5, ,,,,,,,,
,606DADDE,Hewlett-Packard,LaserJet 4300,CNGY410727,10.12.30.40,00-30-C1-55-4B-DE, ,Sep 19 2012,779075,,,Jul 13 2012,772535,,
,63B336D4,Hewlett-Packard,LaserJet P4015,JPDF268259,10.12.30.170,68-B5-99-AC-AE-D3, ,Jan 29 2013,46694,46694,,Jul 13 2012,35271,35271,
,1777C191,Hewlett-Packard,LaserJet 4350,CNDXF00995,10.12.28.170,00-12-79-DF-4A-BE, ,Jan 29 2013,147562,147562,,Jul 13 2012,134984,134984,
,B40A15E8,Hewlett-Packard,ZTC TLP3844-Z-300dpi,,10.12.31.171,00-07-4D-29-B8-59, ,,,,,,,,
,488FC98E,Hewlett-Packard,LaserJet 4000 Series,USMB026436,10.10.40.23,00-60-B0-72-52-9A, ,Oct 6 2012,79590,,,Jul 29 2012,79590,,
,39702638,Hewlett-Packard,ZTC TLP3844-Z-300dpi,,10.12.34.41,00-07-4D-2A-29-BD, ,,,,,,,,
,A76433F5,Hewlett-Packard,ZTC TLP3844-Z-300dpi,,10.12.30.41,00-07-4D-29-B8-5E, ,,,,,,,,
,61C94118,Hewlett-Packard,ZTC TLP3844-Z-300dpi,,10.12.22.41,00-07-4D-29-C0-0C, ,,,,,,,,
,2C476485,Hewlett-Packard,ZTC LP2844-Z-200dpi,,10.12.136.43,00-07-4D-29-7B-DE, ,,,,,,,,
,AB08DF15,Hewlett-Packard,LaserJet 600 M602,JPBCD740NZ,10.12.5.170,24-BE-05-EC-31-6C, ,Jan 29 2013,7753,7753,,Aug 4 2012,220,220,
,E422F494,Hewlett-Packard,ZTC TLP3844-Z-300dpi,,10.12.17.41,00-07-4D-29-B9-CF, ,,,,,,,,
,55CC5886,Hewlett-Packard,ZTC TLP3844-Z-300dpi,,10.12.39.41,00-07-4D-28-CC-B0, ,,,,,,,,
,9E7354E0,Hewlett-Packard,ZTC TLP3844-Z-300dpi,,10.12.8.41,00-07-4D-2A-DD-66, ,,,,,,,,
,071EDF00,Hewlett-Packard,ZTC TLP3844-Z-300dpi,,10.12.33.171,00-07-4D-29-C0-17, ,,,,,,,,
,A64F3162,Hewlett-Packard,ZTC TLP3844-Z-300dpi,,10.12.27.171,00-07-4D-29-F2-53, ,,,,,,,,
,F3C86DA3,Hewlett-Packard,LaserJet 600 M602,CNCCDCW264,10.12.31.170,6C-3B-E5-05-79-6E, ,Jan 29 2013,279,,,,,,
,709CF6A0,Hewlett-Packard,ZTC TLP3844-Z-300dpi,,10.101.105.101,00-07-4D-30-00-D7, ,,,,,,,,
,228CADA9,Hewlett-Packard,ZTC TLP3844-Z-300dpi,,10.12.4.41,00-07-4D-29-C0-24, ,,,,,,,,
,CA986AC3,Hewlett-Packard,ZTC TLP3844-Z-300dpi,,10.12.49.41,00-07-4D-28-CE-52, ,,,,,,,,
,A634E549,Hewlett-Packard,ZTC TLP3844-Z-300dpi,,10.101.98.231,00-07-4D-29-B9-D7, ,,,,,,,,
,02F5F736,Hewlett-Packard,ZTC TLP3844-Z-300dpi,,10.12.6.41,00-07-4D-2A-24-1F, ,,,,,,,,
,62050203,Hewlett-Packard,LaserJet M3027 MFP,CNNLC21509,10.12.156.60,00-23-7D-7C-9A-93, ,Dec 10 2012,40571,40571,,Aug 10 2012,40570,40570,
,333DD735,Hewlett-Packard,ZTC LP2844-Z-200dpi,,10.12.138.171,00-07-4D-2F-F3-84, ,,,,,,,,
,5F3174BC,Hewlett-Packard,ZTC LP2844-Z-200dpi,,10.12.136.41,00-07-4D-25-81-4F, ,,,,,,,,
,B1834F36,Hewlett-Packard,LaserJet 4050 Series,USQX105103,10.10.29.203,00-01-E6-2E-6B-2A, ,Jan 26 2013,23553,,,Aug 14 2012,21255,,
,7C9C75C4,Hewlett-Packard,ZTC TLP3844-Z-300dpi,,10.12.2.171,00-07-4D-2A-28-AD, ,,,,,,,,
,099A3A19,Hewlett-Packard,ZTC LP2844-Z-200dpi,,10.12.131.106,00-07-4D-29-83-55, ,,,,,,,,
,1187DD96,Hewlett-Packard,ZTC TLP3844-Z-300dpi,,10.10.10.40,00-07-4D-28-C6-D8, ,,,,,,,,
,48A8AFD0,Hewlett-Packard,ZTC TLP3844-Z-300dpi,,10.12.32.171,00-07-4D-2A-31-89, ,,,,,,,,
,E0A07F05,Hewlett-Packard,LaserJet 600 M602,CNBCD7M28N,10.12.21.170,B4-B5-2F-F4-F9-E4, ,Jan 29 2013,5570,5570,,Aug 20 2012,149,149,
,1792A355,Hewlett-Packard,Officejet 6500 E710a-f,,10.101.97.139,98-4B-E1-86-90-94, ,Jan 26 2013,3693,,,Sep 12 2012,2846,,
,34C5962E,Hewlett-Packard,LaserJet M3035 MFP,CNQCB18200,10.10.43.236,F4-CE-46-3F-8C-9C, ,Nov 7 2012,27497,27497,,Sep 19 2012,26653,26653,
,7BA398BC,Hewlett-Packard,LaserJet P2015 Series,CNB9L14086,10.10.27.201,00-1A-4B-29-2A-08, ,Oct 21 2012,42210,42210,,Jul 17 2012,42005,42005,
,5DB86325,Hewlett-Packard,ZTC TLP3844-Z-300dpi,,10.12.29.41,00-07-4D-29-C0-23, ,,,,,,,,
,007D1B85,Hewlett-Packard,LaserJet P4015,CNDY283038,10.12.136.179,18-A9-05-FF-31-C4, ,Jan 29 2013,24869,24869,,Jul 17 2012,18544,18544,
,BC43B7BB,Hewlett-Packard,LaserJet P2015 Series,CNBJP53615,10.101.3.207,00-1A-4B-2C-25-5D, ,Jan 26 2013,5028,5028,,Jul 18 2012,3249,3249,
,E03E0ED4,Hewlett-Packard,ZTC TLP3844-Z-300dpi,,10.12.24.171,00-07-4D-29-C0-00, ,,,,,,,,
,E5F57C4B,Hewlett-Packard,ZTC TLP3844-Z-300dpi,,10.12.45.41,00-07-4D-28-C7-86, ,,,,,,,,
,C209B860,Hewlett-Packard,ZTC TLP3844-Z-300dpi,,10.12.12.171,00-07-4D-2A-DD-6F, ,,,,,,,,
,7EA4A9B6,Hewlett-Packard,ZTC TLP3844-Z-300dpi,,10.12.138.172,00-07-4D-2A-67-79, ,,,,,,,,
,CC6C0F6E,Hewlett-Packard,ZTC TLP3844-Z-300dpi,,10.12.39.171,00-07-4D-29-B3-AC, ,,,,,,,,
,40D27207,Hewlett-Packard,LaserJet 600 M602,TD2090P,10.101.67.208,A0-B3-CC-9E-B7-AA, ,Jan 26 2013,33217,33217,,Jul 15 2012,170,170,
,3768CBA5,Hewlett-Packard,ZTC TLP3844-Z-300dpi,,10.101.100.101,00-07-4D-2A-29-B5, ,,,,,,,,
,4FA5107A,Hewlett-Packard,ZTC TLP3844-Z-300dpi,,10.12.42.171,00-07-4D-29-90-6D, ,,,,,,,,
,AB22076B,Hewlett-Packard,ZTC TLP3844-Z-300dpi,,10.12.3.41,00-07-4D-28-C7-B8, ,,,,,,,,
,3456784D,Hewlett-Packard,ZTC TLP3844-Z-300dpi,,10.101.108.101,00-07-4D-29-B2-97, ,,,,,,,,
,46378F08,Hewlett-Packard,ZTC LP2844-Z-200dpi,,10.12.131.58,00-07-4D-33-04-B7, ,,,,,,,,
,6C1E0969,Hewlett-Packard,ZTC TLP3844-Z-300dpi,,10.101.100.231,00-07-4D-29-BE-93, ,,,,,,,,
,133A4128,Hewlett-Packard,LaserJet P2055dn,CNB9978625,10.12.128.10,3C-4A-92-45-50-8D, ,Jan 29 2013,10672,10672,,Jul 16 2012,6091,6091,
,12AA2012,Hewlett-Packard,ZTC TLP3844-Z-300dpi,,10.12.24.41,00-07-4D-28-C7-B2, ,,,,,,,,
,A8DBE90B,Hewlett-Packard,ZTC TLP3844-Z-300dpi,,10.101.98.101,00-07-4D-29-B6-89, ,,,,,,,,
,484D6A5A,Hewlett-Packard,ZTC LP2844-Z-200dpi,,10.12.139.22,00-07-4D-22-12-83, ,,,,,,,,
,7FF064B0,Hewlett-Packard,LaserJet 4200,USGNP17617,10.12.136.178,00-30-6E-FD-F0-CE, ,Jan 29 2013,207858,,,Jul 13 2012,196127,,
,C1D3D633,Hewlett-Packard,LaserJet 4300,CNBY806157,10.12.6.223,00-01-E6-2B-BA-05, ,Jan 29 2013,1050472,,,Jul 13 2012,1031035,,
,2518DB98,Hewlett-Packard,LaserJet P2055dn,CNB9M16080,10.10.30.201,00-21-5A-90-0C-4E, ,Nov 6 2012,19121,19121,,Jul 13 2012,17327,17327,
,8C905363,Hewlett-Packard,Color LaserJet 3600 Series,CNWDF21958,10.101.3.201,00-1B-78-70-2C-D7, ,Jan 26 2013,57637,1678,57637,Jul 13 2012,48158,,48158
,181CF8BA,Hewlett-Packard,LaserJet 4350,CNGXF62317,10.12.135.40,00-14-38-DB-21-AC, ,Jan 29 2013,133816,133816,,Jul 13 2012,112560,112560,
,93816443,Hewlett-Packard,LaserJet 4000 Series,USNC213913,10.10.11.203,08-00-09-BB-60-BB, ,Jan 29 2013,111581,,,Jul 13 2012,110092,,
,FF73C265,Hewlett-Packard,LaserJet 4200,USBNP14340,10.12.12.40,00-10-83-92-02-47, ,Jan 29 2013,144484,,,Jul 13 2012,135960,,
,5503AEA9,Hewlett-Packard,LaserJet P2055dn,CNB9053740,10.12.128.40,1C-C1-DE-CA-96-F6, ,Jan 26 2013,57115,57115,,Jul 13 2012,38548,38548,
,F27A9A23,Hewlett-Packard,LaserJet P2055dn,CNB9L07563,10.101.3.213,00-21-5A-7D-2B-0E, ,Jan 26 2013,4551,4551,,Jul 13 2012,2948,2948,
,78A07909,Hewlett-Packard,LaserJet 4300,CNGY204954,10.12.135.179,00-11-0A-F9-E0-02, ,Jan 29 2013,76846,,,Jul 13 2012,76759,,
,5CDC2EC4,Hewlett-Packard,LaserJet P4015,CNDYC19983,10.12.9.40,78-E3-B5-FB-A2-6B, ,Jan 29 2013,37900,37900,,Jul 13 2012,25866,25866,
,8DD026DF,Hewlett-Packard,LaserJet 4300,JPDGD00590,10.12.135.186,00-30-C1-AE-07-51, ,Jan 29 2013,134871,,,Jul 13 2012,123321,,
,3533B1B8,Hewlett-Packard,ZTC TLP3844-Z-300dpi,,10.101.67.216,00-07-4D-28-9A-ED, ,,,,,,,,
,D2789230,Hewlett-Packard,LaserJet M3035 MFP,CNQCB53659,10.12.3.40,98-4B-E1-3F-34-D7, ,Jan 29 2013,43573,43573,,Jul 13 2012,23832,23832,
,623BF57B,Hewlett-Packard,ZTC LP2844-Z-200dpi,,10.12.133.196,00-07-4D-22-03-1E, ,,,,,,,,
,DDC9C240,Hewlett-Packard,LaserJet 4200,USBNP14304,10.12.130.179,00-01-E6-3B-EF-97, ,Jan 26 2013,317074,,,Jul 13 2012,315860,,
,359FDC04,Hewlett-Packard,LaserJet 4350,JPSFH01928,10.12.192.4,00-1E-0B-0A-51-B5, ,Jan 26 2013,7048,7048,,Jul 12 2012,5877,5877,
,3977F521,Hewlett-Packard,ZTC S4M-300dpi ZPL,,10.10.29.217,00-07-4D-44-C1-D9, ,,,,,,,,
,ABA3B52F,Hewlett-Packard,LaserJet P2055dn,JPBF969309,10.12.128.42,08-2E-5F-BD-00-DC, ,Jan 26 2013,9813,9813,,Jul 13 2012,3210,3210,
,6611591D,Hewlett-Packard,LaserJet 4300,CNGY105065,10.12.135.178,00-11-0A-F1-A7-13, ,Jan 29 2013,127256,,,Jul 13 2012,116538,,
,F23854E8,Hewlett-Packard,ZTC TLP3844-Z-300dpi,,10.12.138.178,00-07-4D-2F-F7-A6, ,,,,,,,,
,4E6091C7,Hewlett-Packard,LaserJet P4015,CNDY800589,10.12.129.174,00-23-7D-85-05-6F, ,Jan 29 2013,65927,65927,,Jul 13 2012,51726,51726,
,9B827719,Hewlett-Packard,ZTC LP2844-Z-200dpi,,10.101.68.205,00-07-4D-24-21-2D, ,,,,,,,,
,0BEFFD44,Hewlett-Packard,LaserJet 9050,JPFL74M06K,10.101.3.205,00-17-A4-98-F7-92, ,Jan 26 2013,2060099,2060099,,Jul 13 2012,1940905,1940905,
,6E5D9A18,Hewlett-Packard,LaserJet 4350,JPRFH18476,10.12.136.170,00-1E-0B-13-42-50, ,Jan 29 2013,127715,127715,,Jul 13 2012,111129,111129,
,EBC9C09F,Hewlett-Packard,LaserJet P4015,CNDY345438,10.10.44.202,00-1F-29-20-7E-97, ,Jan 29 2013,118839,118839,,Jul 13 2012,98359,98359,
,2616DCD9,Hewlett-Packard,ZTC LP2844-Z-200dpi,,10.12.138.174,00-07-4D-28-FB-E1, ,,,,,,,,
,40875B49,Hewlett-Packard,LaserJet P2055dn,JPBF969312,10.12.128.46,08-2E-5F-BD-00-F6, ,Jan 26 2013,13819,13819,,Jul 13 2012,4777,4777,
,1C58233C,Hewlett-Packard,ZTC TLP3844-Z-300dpi,,10.12.7.41,00-07-4D-29-B9-D3, ,,,,,,,,
,033C370A,Hewlett-Packard,ZTC LP2844-Z-200dpi,,10.12.136.189,00-07-4D-22-0C-4A, ,,,,,,,,
,1AC1CD63,Hewlett-Packard,Color LaserJet CP3525,CNCCB4M130,10.10.45.25,F4-CE-46-47-91-45, ,Nov 27 2012,45959,10394,35565,Jul 13 2012,33230,6525,26705
,378A2906,Hewlett-Packard,LaserJet 4350,CNRXB88225,10.101.64.211,00-1A-4B-16-B1-95, ,Jan 29 2013,97072,97072,,Jul 13 2012,86791,86791,
,D88810B3,Hewlett-Packard,LaserJet 4200,USGNP18217,10.12.135.170,00-01-E6-4C-1D-45, ,Jan 3 2013,171862,,,Jul 13 2012,158488,,
,8F8C3A09,Hewlett-Packard,ZTC TLP3844-Z-300dpi,,10.101.102.231,00-07-4D-28-C3-B8, ,,,,,,,,
,DAE1C2BB,Hewlett-Packard,LaserJet 4350,USBXP05020,10.10.46.204,00-11-85-D7-D6-22, ,Nov 27 2012,273567,273567,,Jul 13 2012,269257,269257,
,9A1A3589,Hewlett-Packard,LaserJet 4300,CNGY105059,10.101.64.210,00-0E-7F-34-42-FC, ,Jan 29 2013,98970,,,Jul 13 2012,91360,,
,76C9017C,Hewlett-Packard,ZTC TLP3844-Z-300dpi,,10.12.130.141,00-07-4D-28-6D-EC, ,,,,,,,,
,A40AF490,Hewlett-Packard,LaserJet 600 M602,CNBCD2H2PK,10.12.143.230,00-9C-02-04-C3-8B, ,Jan 26 2013,11506,11506,,Jul 13 2012,4815,4815,
,D71B07C6,Hewlett-Packard,LaserJet 4350,USBXN02472,10.12.18.40,00-11-85-D8-30-26, ,Jan 29 2013,230240,230240,,Jul 13 2012,212184,212184,
,6D08E8FA,Hewlett-Packard,LaserJet P2055dn,CNB9747208,10.12.135.171,3C-4A-92-C3-73-20, ,Jan 29 2013,10238,10238,,Jul 13 2012,6978,6978,
,877DF35B,Hewlett-Packard,LaserJet 4350,CNRXG59552,10.101.3.200,00-1A-4B-16-71-13, ,Jan 26 2013,73905,73905,,Jul 13 2012,61373,61373,
,BFDCBC6C,Hewlett-Packard,LaserJet 1300N,CNCB132685,10.12.128.45,00-0E-7F-31-D7-17, ,Jan 26 2013,66384,,,Jul 13 2012,61401,,
,D52E9454,Hewlett-Packard,Color LaserJet CP3505,CNBC76D07P,10.10.43.220,00-1A-4B-1A-03-CA, ,Nov 20 2012,22216,1747,20469,Jul 13 2012,22112,1731,20381
,65EEA07F,Hewlett-Packard,ZTC TLP3844-Z-300dpi,,10.101.67.202,00-07-4D-2A-0B-37, ,,,,,,,,
,4E7DE52B,Hewlett-Packard,LaserJet 600 M602,TD03AQ2,10.12.136.177,E8-39-35-91-BE-8D, ,Jan 29 2013,10698,10698,,Jul 13 2012,2587,2587,
,B76FA644,Hewlett-Packard,LaserJet P4015,JPDF293386,10.12.129.105,10-1F-74-48-85-F7, ,Jan 29 2013,8697,8697,,Jul 13 2012,247,247,
,437A501B,Hewlett-Packard,ZTC 105SL-300dpi,,10.10.11.208,00-40-68-1D-B4-4C, ,,,,,,,,
,B3063243,Hewlett-Packard,LaserJet P4015,CNDY166325,10.12.13.170,00-21-5A-91-C0-6D, ,Jan 29 2013,83080,83080,,Jul 13 2012,74214,74214,
,3.65E+07,Hewlett-Packard,LaserJet 4050,USCF046318,10.10.46.203,00-01-E6-27-5A-90, ,Jan 29 2013,145894,,,Jul 13 2012,143694,,
,5BCB6FFE,Hewlett-Packard,LaserJet 4350,CNGXD81966,10.12.135.42,00-14-38-D9-09-35, ,Jan 26 2013,101806,101806,,Jul 13 2012,94930,94930,
,EF987B1F,Hewlett-Packard,LaserJet 4350,CNRXY00383,10.12.135.201,00-1B-78-15-57-99, ,Jan 29 2013,75867,75867,,Jul 13 2012,65143,65143,
,0903CC8F,Hewlett-Packard,LaserJet P4015,CNDY397089,10.12.4.170,F4-CE-46-3B-3A-9B, ,Jan 29 2013,58735,58735,,Jul 13 2012,49924,49924,
,0B495BBF,Hewlett-Packard,LaserJet P4015,CNDY946587,10.12.143.100,3C-D9-2B-0E-9E-65, ,Jan 26 2013,15658,15658,,Jul 13 2012,10041,10041,
,5E970312,Hewlett-Packard,LaserJet 4300,CNGY202151,10.12.130.178,00-11-0A-EB-7D-C0, ,Jan 29 2013,102243,,,Jul 13 2012,96015,,
,B4E4CC86,Hewlett-Packard,LaserJet M4345mfp,CNCC6DP010,10.10.43.217,00-14-38-E4-8D-CF, ,Nov 7 2012,234385,234385,,Jul 13 2012,216511,216511,
,D75C72B0,Hewlett-Packard,ZTC TLP3844-Z-300dpi,,10.101.64.214,00-07-4D-2A-9C-3F, ,,,,,,,,
,6DD658E8,Hewlett-Packard,LaserJet P4015,CNDY944314,10.12.135.44,3C-D9-2B-0F-F3-88, ,Jan 29 2013,34413,34413,,Jul 13 2012,18370,18370,
,261EB2DD,Hewlett-Packard,LaserJet 600 M602,TD03MJF,10.12.145.102,E8-39-35-93-FC-96, ,Jan 26 2013,13450,13450,,Jul 13 2012,4767,4767,
,CAEFFACE,Hewlett-Packard,LaserJet 4350,CNRXS06251,10.12.98.170,00-18-FE-A7-FC-04, ,Jan 29 2013,27894,27894,,Jul 13 2012,25317,25317,
,2581983B,Hewlett-Packard,LaserJet 4300,CNGY103205,10.10.251.250,00-11-0A-C8-5D-AC, ,Jan 23 2013,321995,,,Jul 13 2012,303626,,
,994A0B27,Hewlett-Packard,ZTC TLP3844-Z-300dpi,,10.101.96.231,00-07-4D-28-C4-12, ,,,,,,,,
,5715D4D9,Hewlett-Packard,LaserJet P4015,CNDY460549,10.12.136.55,68-B5-99-8F-E9-9F, ,Jan 29 2013,19732,19732,,Jul 13 2012,15035,15035,
,8C551AF1,Hewlett-Packard,ZTC LP2844-Z-200dpi,,10.12.139.175,00-07-4D-24-23-77, ,,,,,,,,
,F3165BDE,Hewlett-Packard,LaserJet 4300,CNGY412813,10.101.66.208,00-60-B0-74-27-D3, ,Jan 26 2013,170309,,,Jul 13 2012,162531,,
,14A4E4A9,Hewlett-Packard,LaserJet 4350,CNGXF65612,10.12.129.51,00-14-38-CF-2A-84, ,Jan 26 2013,69446,69446,,Jul 13 2012,64507,64507,
,74406731,Hewlett-Packard,LaserJet P4015,CNDY944268,10.12.142.230,3C-D9-2B-9F-F7-F2, ,Jan 26 2013,25277,25277,,Jul 13 2012,14179,14179,
,A14DBF3B,Hewlett-Packard,LaserJet 4350,CNGXD81963,10.12.135.48,00-14-38-D9-09-65, ,Jan 3 2013,53523,53523,,Jul 13 2012,50557,50557,
,D261F3C4,Hewlett-Packard,ZTC TLP3844-Z-300dpi,,10.12.139.24,00-07-4D-28-E1-09, ,,,,,,,,
,42A5B44B,Hewlett-Packard,LaserJet 4000 Series,XXXXXXXXXX,10.12.2.170,00-60-B0-71-38-15, ,Jan 29 2013,267248,,,Jul 13 2012,253253,,
,B5948D60,Hewlett-Packard,ZTC TLP3844-Z-300dpi,,10.12.138.175,00-07-4D-2F-F6-C0, ,,,,,,,,
,16340BC8,Hewlett-Packard,LaserJet 4050 Series,USQJ013888,10.12.129.41,00-01-E6-2B-EC-88, ,Jan 29 2013,334070,,,Jul 13 2012,333427,,
,A3CCE018,Hewlett-Packard,ZTC LP2844-Z-200dpi,,10.101.67.215,00-07-4D-21-4B-81, ,,,,,,,,
,2E3BFF31,Hewlett-Packard,LaserJet 8150 Series,JPDLR78884,10.10.45.21,00-11-0A-C4-E8-CF, ,Nov 13 2012,599887,,,Jul 13 2012,595284,,
,AFEB955E,Hewlett-Packard,Color LaserJet CP3525,CNCC93Q09N,10.12.148.101,00-23-7D-6F-A6-B7, ,Aug 27 2012,,,19852,Jul 13 2012,25523,5673,19850
,A8904AC2,Hewlett-Packard,ZTC LP2844-Z-200dpi,,10.12.136.187,00-07-4D-21-F5-64, ,,,,,,,,
,3C5EDEF2,Hewlett-Packard,ZTC LP2844-Z-200dpi,,10.12.14.42,00-07-4D-21-D6-62, ,,,,,,,,
,57FBBD92,Hewlett-Packard,ETHERNET JETDIRECT EX,,10.12.136.173,00-07-4D-25-7F-16, ,,,,,,,,
,DD79C8F1,Hewlett-Packard,LaserJet 4100 Series,USJNJ42261,10.12.97.40,00-60-B0-26-D0-71, ,Jan 29 2013,18487,,,Jul 13 2012,18487,,
,9F6EC756,Hewlett-Packard,LaserJet 600 M602,CNBCD5W2H1,10.12.136.186,A0-B3-CC-9F-74-D4, ,Jan 29 2013,10802,10802,,Jul 13 2012,1155,1155,
,C850085A,Hewlett-Packard,Color LaserJet 5550,JPDC51N077,10.10.29.209,00-0E-7F-E0-34-CD, ,Dec 17 2012,153011,62077,90934,Jul 13 2012,149605,61255,88350
,8ABFBFB8,Hewlett-Packard,LaserJet M3027 MFP,CNNLC21274,10.12.148.100,00-23-7D-7C-45-97, ,Aug 27 2012,22584,22584,,Jul 13 2012,22484,22484,
,C192B0DE,Hewlett-Packard,LaserJet P4015,CNDYB21960,10.12.7.40,68-B5-99-40-9F-A2, ,Jan 29 2013,36472,36472,,Jul 13 2012,24700,24700,
,B1B53C1A,Hewlett-Packard,ZTC LP2844-Z-200dpi,,10.101.64.208,00-07-4D-28-AB-89, ,,,,,,,,
,73E776B6,Hewlett-Packard,ZTC LP2844-Z-200dpi,,10.101.64.207,00-07-4D-21-23-3A, ,,,,,,,,
,8C536D66,Hewlett-Packard,OfficeJet 7400 series,MY65PP705W0408,10.101.3.215,00-16-35-3F-24-2C, ,Jan 26 2013,12000,,,Jul 13 2012,11351,,
,5B5C4243,Hewlett-Packard,ZTC TLP3844-Z-300dpi,,10.12.131.14,00-07-4D-2B-3F-EA, ,,,,,,,,
,9F0ED969,Hewlett-Packard,LaserJet 4350,JPRFH18891,10.12.138.170,00-1E-0B-11-50-FC, ,Nov 7 2012,34510,34510,,Jul 13 2012,32920,32920,
,DBEA9506,Hewlett-Packard,LaserJet 2300 series,CNBGG12087,10.10.18.210,00-30-6E-CE-5B-CF, ,Jan 26 2013,20675,,,Jul 13 2012,19862,,
,88B07BD3,Hewlett-Packard,LaserJet P2015 Series,CNBJS28747,10.12.139.32,00-1B-78-1E-95-1D, ,Jan 29 2013,30055,30055,,Jul 13 2012,21588,21588,
,C5E6EB31,Hewlett-Packard,LaserJet P4015,CNDYB48401,10.101.105.230,9C-8E-99-85-EC-81, ,Jan 26 2013,25996,25996,,Jul 13 2012,15549,15549,
,9B90D605,Hewlett-Packard,ZTC TLP3844-Z-300dpi,,10.12.131.18,00-07-4D-2A-DC-69, ,,,,,,,,
,668EF68E,Hewlett-Packard,ZTC DA402-200dpi,,10.10.251.14,00-40-68-1D-6A-3C, ,,,,,,,,
,B4BA4B1C,Hewlett-Packard,LaserJet 1300N,CNCB153665,10.10.18.202,00-30-6E-FA-BD-C5, ,Jan 29 2013,131951,,,Jul 13 2012,122814,,
,C526F2AE,Hewlett-Packard,ZTC TLP3844-Z-300dpi,,10.12.132.142,00-07-4D-28-CC-AA, ,,,,,,,,
,A6945969,Hewlett-Packard,ZTC LP2844-Z-200dpi,,10.10.18.212,00-07-4D-32-4E-A8, ,,,,,,,,
,51A522B9,Hewlett-Packard,LaserJet P4015,CNDY294894,10.12.29.40,F4-CE-46-4C-16-7C, ,Jan 29 2013,57755,57755,,Jul 13 2012,46539,46539,
,A875638B,Hewlett-Packard,LaserJet 4250,CNGXG09866,10.12.5.170,00-14-38-5E-98-0A, ,Aug 3 2012,175122,175122,,Jul 13 2012,174007,174007,
,18928808,Hewlett-Packard,LaserJet M3027 MFP,CNNLC14997,10.12.116.40,00-21-5A-8E-AB-85, ,Jan 29 2013,44089,44089,,Jul 13 2012,36032,36032,
,A73D9808,Hewlett-Packard,LaserJet P2055dn,VNB3X17860,10.12.135.48,08-2E-5F-BC-24-2C, ,Jan 29 2013,2988,2988,,Jul 13 2012,1358,1358,
,4CCDAC57,Hewlett-Packard,ZTC TLP3844-Z-300dpi,,10.12.131.21,00-07-4D-2A-08-36, ,,,,,,,,
,23A0581B,Hewlett-Packard,LaserJet 1300N,CNCB153664,10.10.18.203,00-30-6E-FA-BD-F4, ,Jan 29 2013,59332,,,Jul 13 2012,56263,,
,0963CAB3,Hewlett-Packard,ZTC TLP3844-Z-300dpi,,10.12.135.58,00-07-4D-28-9A-DC, ,,,,,,,,
,AEC51FC5,Hewlett-Packard,LaserJet 4300,CNGY444228,10.12.134.64,00-0E-7F-35-EA-DE, ,Jan 29 2013,485552,,,Jul 13 2012,456605,,
,ECE43D83,Hewlett-Packard,LaserJet P4015,CNDY948004,10.10.21.216,3C-D9-2B-A0-76-8B, ,Jan 29 2013,38708,38708,,Jul 13 2012,22194,22194,
,2D5FBEA5,Hewlett-Packard,LaserJet P2015 Series,CNBJS02218,10.12.129.171,00-1A-4B-1B-5B-3E, ,Jan 29 2013,88087,88087,,Jul 13 2012,76276,76276,
,7005D472,Hewlett-Packard,ZTC TLP3844-Z-300dpi,,10.12.130.142,00-07-4D-28-85-89, ,,,,,,,,
,C73727D2,Hewlett-Packard,LaserJet P2055dn,CNB9079886,10.12.141.40,3C-4A-92-42-88-13, ,Jan 26 2013,10220,10220,,Jul 13 2012,6036,6036,
,9FC8E49A,Hewlett-Packard,ZTC LP2844-Z-200dpi,,10.12.133.193,00-07-4D-28-8E-57, ,,,,,,,,
,2101CE47,Hewlett-Packard,ZTC TLP3844-Z-300dpi,,10.12.37.171,00-07-4D-28-6C-74, ,,,,,,,,
,29127268,Hewlett-Packard,LaserJet 4350,CNGXF67517,10.12.1.40,00-14-38-D1-B8-7F, ,Jan 29 2013,127575,127575,,Jul 13 2012,119548,119548,
,60A8AA78,Hewlett-Packard,Color LaserJet CP2025n,CNGSC72525,10.10.20.69,E8-39-35-8D-0B-EC, ,Jan 29 2013,10172,1750,8422,Jul 13 2012,4288,858,3430
,CB889D3F,Hewlett-Packard,ZTC TLP3844-Z-300dpi,,10.12.130.140,00-07-4D-29-9B-3C, ,,,,,,,,
,6413AFCC,Hewlett-Packard,ZTC LP2844-Z-200dpi,,10.12.134.204,00-07-4D-21-33-6A, ,,,,,,,,
,3DD6FBA4,Hewlett-Packard,LaserJet 4100 Series,USJNJ42259,10.12.96.170,00-01-E6-50-51-83, ,Jan 26 2013,6456,,,Jul 13 2012,6408,,
,A07A9793,Hewlett-Packard,ZTC LP2844-Z-200dpi,,10.12.131.59,00-07-4D-22-00-E7, ,,,,,,,,
,4081F9F6,Hewlett-Packard,LaserJet P4015,CNDYC40421,10.10.21.218,3C-D9-2B-A0-86-9E, ,Jan 29 2013,21178,21178,,Jul 13 2012,7965,7965,
,6143166F,Hewlett-Packard,ZTC TLP3844-Z-300dpi,,10.12.134.11,00-07-4D-29-73-91, ,,,,,,,,
,1B24CEA5,Hewlett-Packard,ZTC LP2844-Z-200dpi,,10.12.133.198,00-07-4D-21-CE-43, ,,,,,,,,
,99200EFE,Hewlett-Packard,ZTC TLP3844-Z-300dpi,,10.10.18.208,00-07-4D-28-C1-F0, ,,,,,,,,
,FC3E5607,Hewlett-Packard,LaserJet 4350,CNRXJ70887,10.12.136.42,00-17-A4-98-F6-E8, ,Jan 26 2013,78383,78383,,Jul 13 2012,76791,76791,
,4163D02D,Hewlett-Packard,ZTC TLP3844-Z-300dpi,,10.12.4.171,00-07-4D-29-B3-98, ,,,,,,,,
,1D1F6013,Hewlett-Packard,LaserJet 4050 Series,USCC145119,10.12.6.40,00-10-83-BC-08-13, ,Jan 29 2013,471460,,,Jul 13 2012,463951,,
,5934BE02,Hewlett-Packard,LaserJet P2055dn,CNBJ609687,10.10.18.201,98-4B-E1-37-1D-43, ,Jan 29 2013,20401,20401,,Jul 13 2012,13032,13032,
,F2F888EB,Hewlett-Packard,LaserJet P4015,CNDYC08417,10.12.140.230,98-4B-E1-3A-B9-30, ,Jan 29 2013,153999,153999,,Jul 13 2012,92494,92494,
,A1455DC2,Hewlett-Packard,ZTC TLP3844-Z-300dpi,,10.12.136.50,00-07-4D-28-C5-7F, ,,,,,,,,
,A6311D33,Hewlett-Packard,LaserJet P4015,CNDYB27738,10.12.136.40,3C-4A-92-B3-97-85, ,Jan 29 2013,79785,79785,,Jul 13 2012,44699,44699,
,7F7C328B,Hewlett-Packard,LaserJet P4015,CNDY908489,10.12.42.40,78-E7-D1-A0-1B-46, ,Jan 29 2013,59147,59147,,Jul 13 2012,47574,47574,
,AB63167B,Hewlett-Packard,LaserJet 4350,CNRXS06248,10.12.139.172,00-18-FE-A7-0E-BC, ,Jan 26 2013,120052,120052,,Jul 13 2012,102550,102550,
,BB10A1BA,Hewlett-Packard,LaserJet 4350,CNGXB46164,10.10.30.212,00-14-38-A6-D4-3E, ,Nov 27 2012,51740,51740,,Jul 13 2012,50161,50161,
,A852C1B3,Hewlett-Packard,Color LaserJet 4700,JP4LB30765,10.10.34.205,00-1E-0B-10-4D-43, ,Nov 27 2012,146844,15264,131580,Jul 13 2012,143667,14499,129168
,CC5D2CFA,Hewlett-Packard,LaserJet 4350,CNRXJ62576,10.101.102.100,00-1A-4B-16-91-E2, ,Jan 26 2013,217000,217000,,Jul 13 2012,194881,194881,
,542BCB54,Hewlett-Packard,ZTC LP2844-Z-200dpi,,10.12.131.49,00-07-4D-21-F7-C5, ,,,,,,,,
,614D5E75,Hewlett-Packard,LaserJet 4350,JPRFH19552,10.10.40.40,00-1E-0B-13-A0-40, ,Nov 13 2012,346900,346900,,Jul 13 2012,329463,329463,
,78E1D1FD,Hewlett-Packard,ZTC TLP3844-Z-300dpi,,10.12.131.15,00-07-4D-28-C5-A0, ,,,,,,,,
,7B05B8CD,Hewlett-Packard,LaserJet M3035 MFP,CNQCB23055,10.12.49.40,78-E7-D1-AA-D0-69, ,Jan 29 2013,40381,40381,,Jul 13 2012,32356,32356,
,7562EB79,Hewlett-Packard,LaserJet 4350,CNGXF51053,10.12.134.91,00-14-38-91-16-3D, ,Jan 29 2013,146471,146471,,Jul 13 2012,140929,140929,
,D1F173AD,Hewlett-Packard,LaserJet 600 M602,CNBCD5N40X,10.101.102.230,A0-B3-CC-9E-07-60, ,Jan 26 2013,14435,14435,,Jul 13 2012,661,661,
,4857CE37,Hewlett-Packard,LaserJet 4350,JPRFH18176,10.10.29.211,00-1E-0B-11-FB-8A, ,Aug 13 2012,109248,109248,,Jul 13 2012,103609,103609,
,FB385D81,Hewlett-Packard,ZTC TLP3844-Z-300dpi,,10.101.103.101,00-07-4D-28-C4-38, ,,,,,,,,
,E654E52B,Hewlett-Packard,LaserJet 4300,CNDY501946,10.10.34.207,00-01-E6-A6-69-E8, ,Nov 27 2012,217471,,,Jul 13 2012,210798,,
,670D2689,Hewlett-Packard,ZTC TLP3844-Z-300dpi,,10.12.131.22,00-07-4D-2A-A0-F3, ,,,,,,,,
,7FF466E4,Hewlett-Packard,LaserJet 4050 Series,USBC035188,10.12.139.170,00-60-B0-D3-16-17, ,Jan 26 2013,113309,,,Jul 13 2012,113023,,
,5B32E939,Hewlett-Packard,LaserJet 600 M602,CNBCD5N40S,10.101.100.100,A0-B3-CC-9D-4C-1E, ,Jan 26 2013,10611,10611,,Jul 13 2012,1122,1122,
,F37FC037,Hewlett-Packard,LaserJet 4350,CNGXF97749,10.12.134.79,00-14-38-DA-09-49, ,Jan 29 2013,87998,87998,,Jul 13 2012,62314,62314,
,A693C119,Hewlett-Packard,LaserJet 1300N,CNCB148278,10.12.139.171,00-01-E6-68-51-51, ,Jan 26 2013,138866,,,Jul 13 2012,129288,,
,0E807D7E,Hewlett-Packard,LaserJet 5000,USB1007189,10.10.30.209,00-60-B0-D5-76-8A, ,Dec 17 2012,277912,,,Jul 13 2012,275305,,
,2FDC2319,Hewlett-Packard,LaserJet P4015,CNDYC34868,10.101.108.100,2C-27-D7-0E-C9-E3, ,Jan 26 2013,39319,39319,,Jul 13 2012,23396,23396,
,BCF9FA06,Hewlett-Packard,ZTC TLP3844-Z-300dpi,,10.12.41.171,00-07-4D-30-30-33, ,,,,,,,,
,1C748804,Hewlett-Packard,ZTC TLP3844-Z-300dpi,,10.12.133.142,00-07-4D-29-6A-51, ,,,,,,,,
,28AA69C3,Hewlett-Packard,LaserJet 4350,JPRFH19298,10.12.138.179,00-1E-0B-10-ED-86, ,Nov 9 2012,48110,48110,,Jul 13 2012,40405,40405,
,4F8C27BC,Hewlett-Packard,LaserJet M3027 MFP,CNMLC00265,10.10.27.213,00-23-7D-8B-31-83, ,Jan 26 2013,101896,101896,,Jul 13 2012,91560,91560,
,A458290F,Hewlett-Packard,LaserJet P4015,CNDYC20021,10.101.100.230,78-E3-B5-FB-A3-B4, ,Jan 26 2013,19766,19766,,Jul 13 2012,13393,13393,
,AB04CFF2,Hewlett-Packard,LaserJet 4350,JPRFH18180,10.10.34.200,00-1E-0B-11-F0-F2, ,Nov 27 2012,52620,52620,,Jul 13 2012,48318,48318,
,7251D0A3,Hewlett-Packard,LaserJet P4015,CNDY871462,10.12.134.95,D4-85-64-1B-54-D4, ,Jan 26 2013,45313,45313,,Jul 13 2012,31175,31175,
,5F870868,Hewlett-Packard,LaserJet 4350,CNRXK72273,10.12.44.170,00-1A-4B-26-A7-5B, ,Jan 29 2013,96462,96462,,Jul 13 2012,85088,85088,
,7DF80E64,Hewlett-Packard,LaserJet 4350,JPRFH19616,10.12.138.176,00-1E-0B-11-5B-B1, ,Nov 8 2012,73250,73250,,Jul 13 2012,68005,68005,
,EDF3FF72,Hewlett-Packard,LaserJet P4015,CNDYC27034,10.101.107.100,9C-8E-99-86-33-BB, ,Jan 26 2013,18207,18207,,Jul 13 2012,8359,8359,
,AB82A23A,Hewlett-Packard,ZTC TLP3844-Z-300dpi,,10.12.131.17,00-07-4D-28-8F-B3, ,,,,,,,,
,BE97995E,Hewlett-Packard,ZTC TLP3844-Z-300dpi,,10.12.38.41,00-07-4D-29-BF-08, ,,,,,,,,
,AD05FB60,Hewlett-Packard,LaserJet 4350,JPRFH19558,10.10.30.207,00-1E-0B-13-22-BC, ,Nov 27 2012,254461,254461,,Jul 13 2012,226428,226428,
,F1BC821A,Hewlett-Packard,LaserJet 600 M602,CNBCD5N423,10.101.98.230,A0-B3-CC-9D-1D-48, ,Jan 26 2013,10726,10726,,Jul 13 2012,843,843,
,535156FF,Hewlett-Packard,LaserJet P2055dn,CNB9961484,10.12.139.35,68-B5-99-3F-8E-FF, ,Jan 29 2013,8606,8606,,Jul 13 2012,6157,6157,
,2C83D80D,Hewlett-Packard,LaserJet 4350,CNGXJ16287,10.12.134.70,00-14-38-91-C8-C0, ,Jan 29 2013,515550,515550,,Jul 13 2012,458854,458854,
,B85FF59C,Hewlett-Packard,LaserJet 4000 Series,USSC018132,10.10.27.209,08-00-09-C3-17-4B, ,Jan 29 2013,30499,,,Jul 13 2012,29851,,
,D42F7BC1,Hewlett-Packard,LaserJet 4350,CNRXS51244,10.12.45.170,00-1B-78-1F-65-E4, ,Jan 29 2013,69503,69503,,Jul 13 2012,63255,63255,
,E8DAA9CD,Hewlett-Packard,Color LaserJet CP3525,JPCCCC30RC,10.10.35.201,08-2E-5F-6A-10-11, ,Jan 29 2013,6220,827,5393,Jul 13 2012,3691,586,3105
,1A4467FE,Hewlett-Packard,LaserJet 4350,CNRXS37950,10.101.105.100,00-1B-78-14-0A-DE, ,Jan 26 2013,85382,85382,,Jul 13 2012,77598,77598,
,294F4C2D,Hewlett-Packard,LaserJet 4350,JPRFH18890,10.12.3.95,00-1E-0B-11-30-50, ,Jan 29 2013,88237,88237,,Jul 13 2012,85067,85067,
,F936C8E7,Hewlett-Packard,ZTC TLP3844-Z-300dpi,,10.12.131.16,00-07-4D-2A-2A-BD, ,,,,,,,,
,23A08C48,Hewlett-Packard,LaserJet 4200,USGNX11314,10.10.18.209,00-30-C1-8B-B2-D4, ,Jan 29 2013,58228,,,Jul 13 2012,56871,,
,CCD8E6E4,Hewlett-Packard,LaserJet 4350,CNRXJ90709,10.12.45.40,00-1A-4B-26-B7-54, ,Jan 29 2013,80946,80946,,Jul 13 2012,74912,74912,
,1335329E,Hewlett-Packard,LaserJet P4015,CNDYC36061,10.12.134.92,9C-8E-99-8A-B8-81, ,Jan 29 2013,24005,24005,,Jul 13 2012,14168,14168,
,6B891A1A,Hewlett-Packard,LaserJet 600 M602,CNBCD5N152,10.101.103.230,A0-B3-CC-9B-9A-CA, ,Jan 26 2013,23530,23530,,Jul 13 2012,2622,2622,
,37B3BC29,Hewlett-Packard,LaserJet 4350,CNRXX21504,10.12.139.29,00-1B-78-28-17-40, ,Jan 29 2013,61477,61477,,Jul 13 2012,58241,58241,
,C8AE398E,Hewlett-Packard,LaserJet 1300N,CNCB153670,10.10.18.200,00-30-6E-FA-7E-63, ,Jan 29 2013,144619,,,Jul 13 2012,135852,,
,6580FA5D,Hewlett-Packard,ZTC DA402-200dpi,,10.10.251.13,00-07-4D-21-11-D2, ,,,,,,,,
,BDCA53EB,Hewlett-Packard,LaserJet 600 M602,CNBCD4H14Z,10.101.103.100,80-C1-6E-94-24-4C, ,Jan 26 2013,22270,22270,,Jul 13 2012,3988,3988,
,7ABF0661,Hewlett-Packard,LaserJet 4300,CNGY203832,10.12.129.15,00-11-0A-C3-0F-F5, ,Dec 11 2012,52762,,,Jul 13 2012,47821,,
,AFF044C7,Hewlett-Packard,ZTC TLP3844-Z-300dpi,,10.12.25.41,00-07-4D-2A-DF-59, ,,,,,,,,
,90057EF5,Hewlett-Packard,LaserJet 4350,CNGXD94170,10.12.0.40,00-14-38-D9-CB-11, ,Jan 29 2013,195355,195355,,Jul 13 2012,180428,180428,
,21AA16A1,Hewlett-Packard,ZTC LP2844-Z-200dpi,,10.12.134.203,00-07-4D-24-C5-95, ,,,,,,,,
,F6C3913B,Hewlett-Packard,LaserJet P4015,CNDY851525,10.12.25.40,78-E7-D1-A0-62-51, ,Sep 19 2012,55106,55106,,Jul 13 2012,50107,50107,
,52D1002F,Hewlett-Packard,LaserJet P4015,CNDYC08826,10.12.140.231,98-4B-E1-3A-DA-08, ,Jan 29 2013,71672,71672,,Jul 13 2012,55287,55287,
,B52A68CB,Hewlett-Packard,LaserJet 4350,CNRXJ66804,10.12.135.19,00-17-08-8D-36-A4, ,Jan 29 2013,99590,99590,,Jul 13 2012,90542,90542,
,4E7FE59D,Hewlett-Packard,ZTC TLP3844-Z-300dpi,,10.12.1.41,00-07-4D-28-A4-8A, ,,,,,,,,
,6EC0174C,Hewlett-Packard,LaserJet 4000,USEK064309,10.10.18.206,00-60-B0-BC-11-8E, ,Jan 29 2013,219543,,,Jul 13 2012,216916,,
,93796E5E,Hewlett-Packard,ZTC TLP3844-Z-300dpi,,10.12.0.43,00-07-4D-2A-DC-6E, ,,,,,,,,
,7B6A6A01,Hewlett-Packard,LaserJet 4350,JPRFH19554,10.12.135.13,00-1E-0B-13-52-0C, ,Jan 29 2013,68220,68220,,Jul 13 2012,56159,56159,
,6C56F814,Hewlett-Packard,LaserJet 4000 Series,USMB030172,10.12.129.42,00-60-B0-62-CD-D6, ,Jan 29 2013,475185,,,Jul 13 2012,454695,,
,76DDECBD,Hewlett-Packard,ZTC LP2844-Z-200dpi,,10.10.18.207,00-07-4D-21-C1-1D, ,,,,,,,,
,14E19BB1,Hewlett-Packard,ZTC TLP3844-Z-300dpi,,10.12.42.41,00-07-4D-29-B9-C9, ,,,,,,,,
,58D8F192,Hewlett-Packard,ZTC TLP3844-Z-300dpi,,10.12.133.140,00-07-4D-28-85-3B, ,,,,,,,,
,2677FDC0,Hewlett-Packard,LaserJet 4350,JPRFH18226,10.10.44.19,00-1E-0B-11-51-08, ,Dec 17 2012,165737,165737,,Jul 13 2012,160861,160861,
,8EBEBAC7,Hewlett-Packard,ZTC TLP3844-Z-300dpi,,10.12.28.171,00-07-4D-2A-DF-72, ,,,,,,,,
,66DDF38C,Hewlett-Packard,ZTC TLP3844-Z-300dpi,,10.12.3.171,00-07-4D-29-B8-63, ,,,,,,,,
,943D36B6,Hewlett-Packard,LaserJet 4300,CNGY202193,10.12.130.177,00-01-E6-9B-48-DD, ,Jan 29 2013,56853,,,Jul 13 2012,54730,,
,14F1D512,Hewlett-Packard,LaserJet P4015,CNDYB27861,10.12.136.46,3C-4A-92-B3-0C-67, ,Jan 29 2013,16684,16684,,Jul 13 2012,6739,6739,
,40D6D5E4,Hewlett-Packard,LaserJet P4015,CNDYC08824,10.12.140.225,98-4B-E1-3A-6A-50, ,Oct 18 2012,30750,30750,,Jul 13 2012,23762,23762,
,E89EC9DC,Hewlett-Packard,ZTC TLP3844-Z-300dpi,,10.12.136.51,00-07-4D-28-AC-5C, ,,,,,,,,
,546D9B65,Hewlett-Packard,LaserJet 4350,JPRFH18813,10.10.45.160,00-1E-0B-12-00-38, ,Jan 22 2013,42325,42325,,Jul 13 2012,36686,36686,
,D77049CF,Hewlett-Packard,LaserJet 1300N,CNCB138879,10.12.129.178,00-0E-7F-39-D0-EA, ,Jan 26 2013,51741,,,Jul 13 2012,50145,,
,3059AADE,Hewlett-Packard,ZTC LP2844-Z-200dpi,,10.12.131.61,00-07-4D-29-3D-91, ,,,,,,,,
,BC88A0E1,Hewlett-Packard,Color LaserJet 4700,JPRLB42095,10.10.43.216,00-14-38-D9-81-28, ,Nov 7 2012,177654,30674,146980,Jul 13 2012,165519,29902,135617
,FEFD5477,Hewlett-Packard,LaserJet 4000 Series,USNC208637,10.12.3.170,00-60-B0-C7-80-B3, ,Jul 25 2012,172672,,,Jul 13 2012,172026,,
,1386C834,Hewlett-Packard,LaserJet P4015,CNDYC10272,10.12.135.22,98-4B-E1-40-B2-C3, ,Jan 29 2013,20513,20513,,Jul 13 2012,13111,13111,
,4614A676,Hewlett-Packard,LaserJet 4050 Series,USCF046981,10.10.35.160,00-60-B0-E7-4B-41, ,Nov 27 2012,199396,,,Jul 13 2012,198537,,
,EE920F96,Hewlett-Packard,ZTC TLP3844-Z-300dpi,,10.12.116.41,00-07-4D-2B-32-7C, ,,,,,,,,
,19A552C6,Hewlett-Packard,ZTC LP2844-Z-200dpi,,10.12.135.187,00-07-4D-22-00-E4, ,,,,,,,,
,F349CAA3,Hewlett-Packard,LaserJet 4350,CNRXC91394,10.12.136.44,00-17-08-90-20-2A, ,Jan 26 2013,82894,82894,,Jul 13 2012,75165,75165,
,16193DB0,Hewlett-Packard,LaserJet P4015,CNDYC08726,10.12.140.224,98-4B-E1-3A-CA-6B, ,Jan 29 2013,28162,28162,,Jul 13 2012,21445,21445,
,8480E6D3,Hewlett-Packard,LaserJet 4100 Series,USBNF21742,10.12.130.171,00-01-E6-35-B1-4B, ,Jan 29 2013,399883,,,Jul 13 2012,399166,,
,4CFE7710,Hewlett-Packard,LaserJet M3035 MFP,CNQCB78121,10.12.17.40,00-9C-02-02-79-FB, ,Jan 29 2013,20483,20483,,Jul 13 2012,9560,9560,
,DC735F9B,Hewlett-Packard,ZTC DA402-200dpi,,10.10.251.10,00-07-4D-21-1F-C7, ,,,,,,,,
,77391DC8,Hewlett-Packard,LaserJet 8150 Series,JPDLR67502,10.10.46.201,00-11-0A-BB-8F-93, ,Nov 27 2012,312633,,,Jul 13 2012,302037,,
,8623A7E2,Hewlett-Packard,ZTC LP2844-Z-200dpi,,10.12.134.215,00-07-4D-22-0C-49, ,,,,,,,,
,E43D8DCD,Hewlett-Packard,LaserJet P4015,CNDYC08649,10.12.140.228,98-4B-E1-3A-49-D2, ,Jan 29 2013,308757,308757,,Jul 13 2012,194815,194815,
,3854630B,Hewlett-Packard,ZTC LP2844-Z-200dpi,,10.12.134.225,00-07-4D-25-7F-62, ,,,,,,,,
,D0DC6415,Hewlett-Packard,LaserJet P4015,CNDYB07323,10.12.5.40,1C-C1-DE-11-B7-4F, ,Jan 26 2013,36180,36180,,Jul 13 2012,23290,23290,
,8962329E,Hewlett-Packard,LaserJet 8150 Series,JPDLR68630,10.10.45.16,00-11-0A-BE-C4-F9, ,Nov 27 2012,1326045,,,Jul 13 2012,1264340,,
,5F4A5384,Hewlett-Packard,LaserJet 4300,CNGY438918,10.12.129.46,00-0E-7F-34-21-56, ,Jan 26 2013,181133,,,Jul 13 2012,167434,,
,6EBDD042,Hewlett-Packard,LaserJet P4015,CNDYC08731,10.12.140.229,98-4B-E1-3A-7A-24, ,Jan 29 2013,138074,138074,,Jul 13 2012,69328,69328,
,12A1F04C,Hewlett-Packard,LaserJet 4350,CNRXS49865,10.12.139.23,00-1E-0B-05-41-4E, ,Jan 29 2013,13642,13642,,Jul 13 2012,12446,12446,
,BF8A0667,Hewlett-Packard,ZTC LP2844-Z-200dpi,,10.12.134.202,00-07-4D-21-CC-33, ,,,,,,,,
,F88A1784,Hewlett-Packard,ZTC LP2844-Z-200dpi,,10.12.134.201,00-07-4D-24-36-B9, ,,,,,,,,
,D1A8ECFC,Hewlett-Packard,LaserJet 4300,CNGY203829,10.12.129.44,00-0E-7F-34-28-D5, ,Dec 12 2012,99848,,,Jul 13 2012,98395,,
,5F6F05E5,Hewlett-Packard,LaserJet 4350,JPRFH18599,10.10.46.41,00-1E-0B-13-22-2C, ,Nov 27 2012,48524,48524,,Jul 13 2012,47020,47020,
,8347F676,Hewlett-Packard,ZTC DA402-200dpi,,10.10.251.12,00-07-4D-21-97-57, ,,,,,,,,
,79704127,Hewlett-Packard,LaserJet P2055dn,CNBJ611867,10.12.140.232,98-4B-E1-3A-54-55, ,Jan 22 2013,5573,5573,,Jul 13 2012,3316,3316,
,57024FE7,Hewlett-Packard,LaserJet 4300,CNGY101587,10.12.134.57,00-01-E6-97-D3-04, ,Jan 29 2013,171342,,,Jul 13 2012,157066,,
,241436B8,Hewlett-Packard,LaserJet P4015,CNDYB29218,10.101.101.100,3C-4A-92-B4-70-A1, ,Jan 26 2013,45585,45585,,Jul 13 2012,31453,31453,
,A96B035E,Hewlett-Packard,LaserJet P2015 Series,CNBJS72574,10.12.139.161,00-1F-29-18-A3-8D, ,Jan 29 2013,17977,17977,,Jul 13 2012,16161,16161,
,AAD609C0,Hewlett-Packard,LaserJet P4015,CNDYB45955,10.12.49.230,2C-27-D7-11-5B-AD, ,Jan 29 2013,18887,18887,,Jul 13 2012,11648,11648,
,01ED5B5B,Hewlett-Packard,LaserJet P2055dn,CNBJ529198,10.12.133.170,78-E3-B5-F9-3B-B0, ,Jan 29 2013,36332,36332,,Jul 13 2012,22194,22194,
,C961B63B,Hewlett-Packard,ZTC TLP3844-Z-300dpi,,10.101.106.101,00-07-4D-2A-29-B9, ,,,,,,,,
,727E8743,Hewlett-Packard,LaserJet P2055dn,CNBJ605048,10.12.139.36,78-AC-C0-91-94-E5, ,Jan 23 2013,423,423,,Jul 13 2012,360,360,
,93B22FE9,Hewlett-Packard,ZTC TLP3844-Z-300dpi,,10.12.48.41,00-07-4D-29-BD-8B, ,,,,,,,,
,925AE655,Hewlett-Packard,ZTC TLP3844-Z-300dpi,,10.101.101.101,00-07-4D-28-9A-5C, ,,,,,,,,
,E05725B0,Hewlett-Packard,ZTC TLP3844-Z-300dpi,,10.12.133.154,00-07-4D-29-BF-0B, ,,,,,,,,
,FC21E348,Hewlett-Packard,LaserJet 4050 Series,USQX050663,10.12.4.40,00-30-C1-0A-43-60, ,Jan 29 2013,186821,,,Jul 13 2012,177775,,
,C1FB10B9,Hewlett-Packard,LaserJet 4100 Series,USJNJ43296,10.12.97.170,00-01-E6-5B-08-1C, ,Jan 26 2013,14362,,,Jul 13 2012,13441,,
,6D6D6431,Hewlett-Packard,Color LaserJet 2605dn,CNHC78J230,10.10.44.40,00-1A-4B-2F-24-52, ,Nov 13 2012,86626,27681,58945,Jul 13 2012,78759,25318,53441
,04A6D675,Hewlett-Packard,ZTC TLP3844-Z-300dpi,,10.12.13.171,00-07-4D-2A-24-FC, ,,,,,,,,
,8E1F2DBD,Hewlett-Packard,Color LaserJet CP3525,CNCC97G0SJ,10.12.156.61,00-23-7D-7C-8E-F8, ,Sep 19 2012,,,28805,Jul 13 2012,32620,3815,28805
,447498B7,Hewlett-Packard,ZTC LP2844-Z-200dpi,,10.12.133.195,00-07-4D-28-8E-5D, ,,,,,,,,
,1C12FD29,Hewlett-Packard,LaserJet 4350,CNRXC87182,10.12.48.40,00-17-08-8D-36-64, ,Jan 29 2013,114456,114456,,Jul 13 2012,106515,106515,
,B2D6D937,Hewlett-Packard,LaserJet P4015,CNDY450607,10.101.106.100,F4-CE-46-3A-15-64, ,Jan 26 2013,116262,116262,,Jul 13 2012,95775,95775,
,8707880B,Hewlett-Packard,LaserJet P2055dn,CNB9354366,10.12.133.173,98-4B-E1-3D-5D-71, ,Jan 29 2013,14608,14608,,Jul 13 2012,9676,9676,
,14AD9E51,Hewlett-Packard,LaserJet 4350,CNRXS49917,10.12.139.26,00-1B-78-28-63-86, ,Jan 29 2013,60215,60215,,Jul 13 2012,51072,51072,
,DD49F3A9,Hewlett-Packard,LaserJet 600 M602,TD218Q4,10.101.101.230,A0-B3-CC-9D-1D-4B, ,Jan 26 2013,18698,18698,,Jul 13 2012,1587,1587,
,23667B9F,Hewlett-Packard,LaserJet M3035 MFP,CNNLC13764,10.12.47.170,00-21-5A-7E-56-28, ,Oct 15 2012,42380,42380,,Jul 13 2012,38502,38502,
,E8B89244,Hewlett-Packard,LaserJet 4350,JPRFH18598,10.10.44.19,00-1E-0B-13-A0-BB, ,Nov 5 2012,25389,25389,,Jul 13 2012,23868,23868,
,1CAB0854,Hewlett-Packard,ZTC TLP3844-Z-300dpi,,10.12.133.152,00-07-4D-29-5F-6E, ,,,,,,,,
,3E6B13AD,Hewlett-Packard,LaserJet M3035 MFP,CNLLG46679,10.101.104.100,00-18-FE-A5-1A-CC, ,Jan 26 2013,54631,54631,,Jul 13 2012,49575,49575,
,AEE3D3FF,Hewlett-Packard,Unknown,,10.10.30.206,08-00-09-FB-4B-1C, ,,,,,,,,
,C3936801,Hewlett-Packard,ZTC TLP3844-Z-300dpi,,10.12.133.153,00-07-4D-2A-28-AA, ,,,,,,,,
,43B45BCB,Hewlett-Packard,LaserJet 4300,CNGY436139,10.12.139.174,00-01-E6-E2-3B-3C, ,Jan 26 2013,93910,,,Jul 13 2012,93910,,
,18166BDE,Hewlett-Packard,LaserJet 4350,CNGXD36815,10.12.134.71,00-14-38-8F-6B-35, ,Jan 26 2013,406419,406419,,Jul 13 2012,403406,403406,
,34F2340B,Hewlett-Packard,ZTC TLP3844-Z-300dpi,,10.12.47.171,00-07-4D-28-C2-33, ,,,,,,,,
,87D16FF8,Hewlett-Packard,LaserJet 4350,CNGXK21846,10.101.104.230,00-17-08-85-AF-5B, ,Jan 26 2013,70136,70136,,Jul 13 2012,63746,63746,
,76A815A4,Hewlett-Packard,LaserJet 4300,CNGY303657,10.12.133.187,00-0E-7F-34-42-5F, ,Sep 19 2012,109777,,,Jul 13 2012,106039,,
,75D63B7B,Hewlett-Packard,ZTC TLP3844-Z-300dpi,,10.12.28.41,00-07-4D-29-AA-61, ,,,,,,,,
,967C31DA,Hewlett-Packard,LaserJet P4015,CNDY948812,10.10.21.212,3C-D9-2B-A0-25-4D, ,Jan 29 2013,29086,29086,,Jul 13 2012,16875,16875,
,F461FD2F,Hewlett-Packard,LaserJet 4300,CNDY500849,10.10.21.207,00-01-E6-97-D3-2B, ,Nov 13 2012,244046,,,Jul 13 2012,240874,,
,3B4E8871,Hewlett-Packard,LaserJet 4300,CNGY522977,10.12.37.170,00-01-E6-9C-3E-9C, ,Jan 29 2013,234647,,,Jul 13 2012,218791,,
,A3B81724,Hewlett-Packard,ZTC TLP3844-Z-300dpi,,10.12.139.30,00-07-4D-2A-44-63, ,,,,,,,,
,5C1EDED2,Hewlett-Packard,LaserJet P2055dn,CNB9989768,10.10.34.203,3C-4A-92-C3-9F-AD, ,Jan 29 2013,4235,4235,,Jul 13 2012,2753,2753,
,8842CB1B,Hewlett-Packard,LaserJet 4350,CNRXY24814,10.12.133.179,00-1B-78-18-EE-BA, ,Dec 12 2012,74134,74134,,Jul 13 2012,69493,69493,
,61B65836,Hewlett-Packard,ZTC TLP3844-Z-300dpi,,10.10.21.227,00-07-4D-2A-29-CE, ,,,,,,,,
,D6BDFB70,Hewlett-Packard,ZTC TLP3844-Z-300dpi,,10.12.30.171,00-07-4D-2A-A6-67, ,,,,,,,,
,0938117F,Hewlett-Packard,LaserJet P4015,CNDYC17395,10.12.142.100,78-E3-B5-FB-34-B8, ,Jan 26 2013,16847,16847,,Jul 13 2012,10452,10452,
,7DB0D8C1,Hewlett-Packard,LaserJet P4015,CNDYB53822,10.10.21.219,3C-D9-2B-A0-15-29, ,Jan 29 2013,41203,41203,,Jul 13 2012,27995,27995,
,032D785A,Hewlett-Packard,LaserJet 4300,CNGY303531,10.12.134.61,00-0E-7F-34-71-75, ,Jan 29 2013,152331,,,Jul 13 2012,136158,,
,977BE971,Hewlett-Packard,LaserJet 4100 Series,USJNJ42260,10.12.38.170,00-01-E6-5B-F3-B7, ,Jan 29 2013,95575,,,Jul 13 2012,88247,,
,8CB62F75,Hewlett-Packard,LaserJet 4300,CNDY500684,10.10.34.204,00-01-E6-7D-B3-3D, ,Nov 27 2012,217078,,,Jul 13 2012,213678,,
,BC92D8ED,Hewlett-Packard,LaserJet P4015,CNDYC41854,10.10.21.215,3C-D9-2B-A0-15-01, ,Jan 29 2013,10435,10435,,Jul 13 2012,3316,3316,
,2B875A60,Hewlett-Packard,ZTC TLP3844-Z-300dpi,,10.12.135.141,00-07-4D-29-B7-66, ,,,,,,,,
,419D6DE1,Hewlett-Packard,LaserJet 4300,CNGY425111,10.12.41.170,00-01-E6-B0-86-7D, ,Jan 29 2013,599804,,,Jul 13 2012,589864,,
,F9A68EAD,Hewlett-Packard,ZTC TLP3844-Z-300dpi,,10.12.139.27,00-07-4D-2A-46-F4, ,,,,,,,,
,A85EEE5D,Hewlett-Packard,LaserJet P4015,CNDY807503,10.10.43.17,00-23-7D-8C-75-8A, ,Jan 29 2013,23126,23126,,Jul 13 2012,20138,20138,
,473D5140,Hewlett-Packard,LaserJet 4350,CNGXG47171,10.12.133.188,00-14-38-DA-D9-2A, ,Jan 29 2013,78173,78173,,Jul 13 2012,73039,73039,
,EEE04E73,Hewlett-Packard,LaserJet 4300,CNGY519106,10.10.21.205,00-0E-7F-3F-62-A6, ,Nov 13 2012,319834,,,Jul 13 2012,310311,,
,AF7AD858,Hewlett-Packard,LaserJet P4015,CNDYB05839,10.12.34.40,78-E7-D1-A3-5F-4F, ,Jan 29 2013,37298,37298,,Jul 13 2012,30027,30027,
,079569EE,Hewlett-Packard,LaserJet 4300,CNGY303652,10.12.133.189,00-0E-7F-37-17-E6, ,Jan 29 2013,155324,,,Jul 13 2012,145775,,
,55A7B689,Hewlett-Packard,LaserJet P4015,CNDYB18034,10.10.29.204,D4-85-64-1C-33-60, ,Jan 29 2013,21206,21206,,Jul 13 2012,15895,15895,
,64046FD3,Hewlett-Packard,LaserJet P4015,CNDYC08821,10.12.140.227,98-4B-E1-3A-CA-E9, ,Jan 29 2013,38251,38251,,Jul 13 2012,22891,22891,
,64C11B74,Hewlett-Packard,ZTC TLP3844-Z-300dpi,,10.12.37.41,00-07-4D-29-B8-61, ,,,,,,,,
,518CD094,Hewlett-Packard,LaserJet P4015,JPDF276383,10.12.37.40,68-B5-99-AB-31-5F, ,Jan 29 2013,57158,57158,,Jul 13 2012,43892,43892,
,315C0235,Hewlett-Packard,LaserJet 4300,CNGY205054,10.12.134.23,00-0E-7F-34-71-99, ,Jan 29 2013,158339,,,Jul 13 2012,132772,,
,4A140184,Hewlett-Packard,Color LaserJet 4700,JPRLC18489,10.10.29.209,00-14-38-D8-AC-81, ,Oct 11 2012,129354,25805,103549,Jul 13 2012,123078,24805,98273
,FBFC0415,Hewlett-Packard,ZTC LP2844-Z-200dpi,,10.12.139.28,00-07-4D-22-00-ED, ,,,,,,,,
,EB261D72,Hewlett-Packard,LaserJet P4014,CNDX111873,10.10.41.209,00-21-5A-7D-00-9F, ,Jan 26 2013,26052,26052,,Jul 13 2012,23530,23530,
,5F1D9EE6,Hewlett-Packard,Officejet 6500 E710n-z,,10.12.131.104,EC-9A-74-C9-A4-57, ,Jan 29 2013,1293,,,Jul 13 2012,789,,
,CDE98A89,Hewlett-Packard,LaserJet 4350,JPSGL04277,10.12.34.170,00-1A-4B-26-1D-C5, ,Jan 29 2013,108933,108933,,Jul 13 2012,94020,94020,
,E86E5D48,Hewlett-Packard,ZTC LP2844-Z-200dpi,,10.12.139.31,00-07-4D-29-CD-94, ,,,,,,,,
,F53044BD,Hewlett-Packard,LaserJet 4300,JPBGD00827,10.10.27.212,00-30-6E-C8-87-72, ,Jan 26 2013,196670,,,Jul 13 2012,185868,,
,17E399B1,Hewlett-Packard,ZTC LP2844-Z-200dpi,,10.101.68.218,00-07-4D-21-4A-6F, ,,,,,,,,
,7232F940,Hewlett-Packard,LaserJet 4200,USDNX10399,10.12.134.63,00-0E-7F-34-42-FD, ,Jan 12 2013,223031,,,Jul 13 2012,214697,,
,C2922713,Hewlett-Packard,LaserJet P4015,CNDY452051,10.101.96.100,F4-CE-46-3A-25-57, ,Jan 26 2013,96845,96845,,Jul 13 2012,77268,77268,
,68C79EF7,Hewlett-Packard,ZTC TLP3844-Z-300dpi,,10.12.139.21,00-07-4D-28-E7-CE, ,,,,,,,,
,8675C279,Hewlett-Packard,LaserJet 4300,CNDY606756,10.10.27.202,00-01-E6-AB-E6-8D, ,Jan 15 2013,353738,,,Jul 13 2012,338991,,
,70E844A4,Hewlett-Packard,LaserJet P4015,CNDYC08657,10.12.140.226,98-4B-E1-3A-2A-8A, ,Nov 8 2012,22967,22967,,Jul 13 2012,18642,18642,
,7A1C6D24,Hewlett-Packard,LaserJet P2055dn,CNB9M16082,10.12.134.207,00-21-5A-90-2C-F5, ,Jan 29 2013,32936,32936,,Jul 13 2012,27164,27164,
,FD0461E2,Hewlett-Packard,ZTC TLP3844-Z-300dpi,,10.101.97.101,00-07-4D-2A-0A-F1, ,,,,,,,,
,6AF9D468,Hewlett-Packard,ZTC TLP3844-Z-300dpi,,10.12.33.41,00-07-4D-2A-D9-AA, ,,,,,,,,
,AD580D99,Hewlett-Packard,ZTC LP2844-Z-200dpi,,10.101.67.211,00-07-4D-21-4B-86, ,,,,,,,,
,00E74A9D,Hewlett-Packard,LaserJet P4015,CNDYC08412,10.12.140.220,98-4B-E1-3A-6A-24, ,Jan 29 2013,36953,36953,,Jul 13 2012,20687,20687,
,C70458AC,Hewlett-Packard,ZTC TLP3844-Z-300dpi,,10.12.38.171,00-07-4D-2A-BC-C7, ,,,,,,,,
,10A5BDE9,Hewlett-Packard,LaserJet 9050,JPFL72N05H,10.10.30.203,00-18-FE-9C-15-F8, ,Jul 12 2012,413961,413961,,,,,
,C8458D25,Hewlett-Packard,LaserJet M3027 MFP,JPQCD04755,10.12.47.170,00-25-B3-FA-98-31, ,Jan 29 2013,12688,12688,,Jul 13 2012,7576,7576,
,51A066D6,Hewlett-Packard,LaserJet 600 M602,TD052XH,10.101.98.100,80-C1-6E-91-F0-33, ,Jan 26 2013,15977,15977,,Jul 13 2012,5311,5311,
,172F46D4,Hewlett-Packard,LaserJet P2055dn,CNB9991166,10.12.134.20,3C-4A-92-C1-9F-C8, ,Jan 29 2013,9744,9744,,Jul 13 2012,6719,6719,
,5EA972A4,Hewlett-Packard,LaserJet P4015,CNDY283042,10.12.39.170,18-A9-05-FF-41-48, ,Jan 29 2013,84321,84321,,Jul 13 2012,70932,70932,
,E7403005,Hewlett-Packard,LaserJet P4015,CNDYC08423,10.12.140.221,98-4B-E1-3A-EA-05, ,Nov 7 2012,17790,17790,,Jul 13 2012,13346,13346,
,6F42BCD0,Hewlett-Packard,LaserJet 4050 Series,USQB069035,10.10.27.211,00-01-E6-2D-2D-70, ,Jan 26 2013,26912,,,Jul 13 2012,26559,,
,19CAEF5A,Hewlett-Packard,LaserJet P4015,CNDYC08820,10.12.140.222,98-4B-E1-3A-DA-E8, ,Nov 7 2012,19180,19180,,Jul 13 2012,15318,15318,
,B4547AD2,Hewlett-Packard,LaserJet 4300,CNGY439557,10.12.134.62,00-11-0A-C9-50-B9, ,Jan 29 2013,144707,,,Jul 13 2012,134498,,
,47261A84,Hewlett-Packard,LaserJet P4015,CNDY897076,10.12.42.170,3C-4A-92-45-89-84, ,Jan 29 2013,51170,51170,,Jul 13 2012,36860,36860,
,38A7847A,Hewlett-Packard,LaserJet 600 M602,CNBCD5N41Z,10.101.97.170,A0-B3-CC-9D-1C-88, ,Jan 26 2013,8815,8815,,Jul 13 2012,366,366,
,434CF8CB,Hewlett-Packard,Color LaserJet 9500 Series,JPNJB08200,10.10.30.204,00-11-0A-FC-DC-62, ,Sep 19 2012,,,103198,Jul 13 2012,105489,8573,96916
,13740575,Hewlett-Packard,LaserJet P4015,CNDYC08437,10.12.140.223,98-4B-E1-3A-DA-13, ,Jan 29 2013,18220,18220,,Jul 13 2012,15008,15008,
,C18C06CC,Hewlett-Packard,LaserJet 4050,USCF029672,10.10.41.205,00-01-E6-02-B3-C9, ,Jan 29 2013,127974,,,Jul 13 2012,125125,,
,F77E7E03,Hewlett-Packard,LaserJet 1300N,CNBB068282,10.101.68.220,00-01-E6-68-86-C0, ,Jan 26 2013,70147,,,Jul 13 2012,68658,,
,CA78E8D1,Hewlett-Packard,ZTC LP2844-Z-200dpi,,10.12.139.25,00-07-4D-28-C8-DA, ,,,,,,,,
,0B4B42C0,Hewlett-Packard,LaserJet 4050 Series,USQL051903,10.10.30.213,00-30-6E-FB-20-4F, ,Nov 27 2012,370614,,,Jul 13 2012,356095,,
,162533C2,Hewlett-Packard,DesignJet 800PS (42 inch wide),,10.10.30.210,00-01-E6-75-47-FE, ,,,,,,,,
,606B274A,Hewlett-Packard,LaserJet 4300,CNDY501943,10.10.30.208,00-01-E6-8E-14-10, ,Nov 13 2012,184023,,,Jul 13 2012,180899,,
,C2933E01,Hewlett-Packard,Officejet 6500 E710a-f,,10.10.11.206,10-1F-74-84-05-4E, ,Jan 29 2013,1513,,,Jul 13 2012,1106,,
,3329CD62,Hewlett-Packard,LaserJet P4015,CNDYC40425,10.10.13.210,3C-D9-2B-A0-66-C9, ,Jan 29 2013,23600,23600,,Jul 13 2012,13124,13124,
,E6635E14,Hewlett-Packard,LaserJet 4300,CNDY500822,10.10.47.206,00-11-0A-C3-6F-88, ,Oct 25 2012,149166,,,Jul 13 2012,148705,,
,3EE3239F,Hewlett-Packard,LaserJet 4300,CNBY717655,10.10.13.208,00-01-E6-97-32-32, ,Jan 29 2013,247842,,,Jul 13 2012,238808,,
,80FC0729,Hewlett-Packard,ZTC LP2844-Z-200dpi,,10.10.11.205,00-07-4D-21-33-6B, ,,,,,,,,
,D90982CE,Hewlett-Packard,LaserJet 4050 Series,USCF029646,10.10.24.200,00-60-B0-F9-70-F3, ,Jan 29 2013,557662,,,Jul 13 2012,556768,,
,0F006EC5,Hewlett-Packard,ZTC LP2844-Z-200dpi,,10.10.13.212,00-07-4D-28-FA-E1, ,,,,,,,,
,A5E5A168,Hewlett-Packard,ZTC LP2844-Z-200dpi,,10.10.11.204,00-07-4D-33-04-C5, ,,,,,,,,
,3E8EC596,Hewlett-Packard,LaserJet 4350,JPRFH18808,10.10.27.207,00-1E-0B-13-A0-4B, ,Jan 29 2013,49735,49735,,Jul 13 2012,45517,45517,
,6149590A,Hewlett-Packard,LaserJet 4350,CNGXB10552,10.10.18.211,00-14-38-60-15-EE, ,Jan 29 2013,319742,319742,,Jul 13 2012,318256,318256,
,C8D3F852,Hewlett-Packard,LaserJet 4350,JPRFH18333,10.10.24.202,00-1E-0B-10-DD-E8, ,Jan 3 2013,46633,46633,,Jul 13 2012,46556,46556,
,B76618DF,Hewlett-Packard,LaserJet P4015,CNDYC41993,10.10.251.40,3C-D9-2B-A0-76-05, ,Jan 29 2013,41143,41143,,Jul 13 2012,35,35,
,DD6C587A,Hewlett-Packard,LaserJet 4350,CNRXK44317,10.10.13.205,00-17-08-90-00-E4, ,Jan 29 2013,18326,18326,,Jul 13 2012,13151,13151,
,4B79A735,Hewlett-Packard,LaserJet 4350,JPRFH18608,10.10.24.209,00-1E-0B-10-DD-85, ,Jan 29 2013,90168,90168,,Jul 13 2012,78499,78499,
,E5C90B2F,Hewlett-Packard,LaserJet P4015,CNDY897064,10.10.11.201,3C-4A-92-45-89-BE, ,Jan 29 2013,9616,9616,,Jul 13 2012,6408,6408,
,90036CD6,Hewlett-Packard,ZTC TLP3844-Z-300dpi,,10.10.21.210,00-07-4D-2A-08-13, ,,,,,,,,
,C80A0FEF,Hewlett-Packard,LaserJet 4300,CNGY526867,10.10.18.204,00-30-6E-FB-00-48, ,Jan 29 2013,152496,,,Jul 13 2012,146845,,
,C1B88523,Hewlett-Packard,LaserJet 4050 Series,USBC032414,10.10.24.207,00-30-C1-CE-B5-D0, ,Dec 6 2012,312269,,,Jul 13 2012,310130,,
,95F74180,Hewlett-Packard,LaserJet P4015,CNDYC62097,10.10.13.202,44-1E-A1-35-D8-A7, ,Jan 17 2013,29515,29515,,Jul 13 2012,13807,13807,
,79FC76D0,Hewlett-Packard,LaserJet 4000 Series,USMB030167,10.10.27.208,00-0E-7F-E8-8C-42, ,Jan 26 2013,88626,,,Jul 13 2012,88586,,
,BDD370F2,Hewlett-Packard,ZTC LP2844-Z-200dpi,,10.10.13.213,00-07-4D-29-84-66, ,,,,,,,,
,23EA34C3,Hewlett-Packard,LaserJet 2300 series,CNBGG83136,10.10.13.204,00-11-0A-F6-90-E2, ,Jan 29 2013,106102,,,Jul 13 2012,100539,,
,359718EB,Hewlett-Packard,LaserJet P4015,CNDYC62035,10.10.13.201,2C-76-8A-04-4A-76, ,Jan 29 2013,28460,28460,,Jul 13 2012,13285,13285,
,F6E4B452,Hewlett-Packard,LaserJet 4100 Series,USJNJ35280,10.12.32.170,00-01-E6-53-C0-3B, ,Jan 29 2013,209783,,,Jul 13 2012,198572,,
,292A29CB,Hewlett-Packard,ZTC LP2844-Z-200dpi,,10.10.13.211,00-07-4D-28-52-6E, ,,,,,,,,
,C0C193AD,Hewlett-Packard,LaserJet 4250,CNGXD63061,10.10.24.201,00-14-38-A6-76-C5, ,Jan 29 2013,69205,69205,,Jul 13 2012,66449,66449,
,E6D7FF04,Hewlett-Packard,LaserJet P2055dn,CNBJ658502,10.10.11.207,2C-41-38-7C-1D-15, ,Jan 29 2013,5732,5732,,Jul 13 2012,2507,2507,
,ACC25AA2,Hewlett-Packard,LaserJet 4350,JPRFH18494,10.10.27.206,00-1E-0B-13-E1-C0, ,Jan 10 2013,60540,60540,,Jul 13 2012,54318,54318,
,6D3BFD55,Hewlett-Packard,LaserJet P4015,CNDY946419,10.10.21.214,3C-D9-2B-0E-AE-4A, ,Jan 29 2013,74567,74567,,Jul 13 2012,45445,45445,
,4139E8FA,Hewlett-Packard,Color LaserJet 4650,JPKAD43173,10.10.21.204,00-11-0A-BB-6D-C7, ,Nov 13 2012,581740,59228,522512,Jul 13 2012,564022,57679,506343
,625BBC33,Hewlett-Packard,LaserJet 4350,JPRFH19569,10.10.24.208,00-1E-0B-13-42-F7, ,Jan 10 2013,56724,56724,,Jul 13 2012,50824,50824,
,9EAFA97F,Hewlett-Packard,ZTC TLP3844-Z-300dpi,,10.12.29.171,00-07-4D-29-B8-62, ,,,,,,,,
,2637FBD2,Hewlett-Packard,LaserJet 4300,CNDY500686,10.10.27.204,00-01-E6-97-C3-E9, ,Dec 6 2012,220287,,,Jul 13 2012,218281,,
,E244F341,Hewlett-Packard,ZTC TLP3844-Z-300dpi,,10.12.26.41,00-07-4D-28-C3-EA, ,,,,,,,,
,8054DE02,Hewlett-Packard,LaserJet 4350,JPRFH18784,10.10.27.203,00-1E-0B-13-40-39, ,Jan 29 2013,37240,37240,,Jul 13 2012,35263,35263,
,7F732385,Hewlett-Packard,ZTC TLP3844-Z-300dpi,,10.12.27.41,00-07-4D-29-B8-67, ,,,,,,,,
,5A7F7162,Hewlett-Packard,LaserJet 4300,CNGY409339,10.10.30.203,00-01-E6-7D-93-D5, ,Oct 16 2012,509129,,,Jul 13 2012,505953,,
,0C29C5BD,Hewlett-Packard,LaserJet 4300,CNGY521956,10.12.32.40,00-11-0A-F1-8B-F5, ,Jan 29 2013,656980,,,Jul 13 2012,639596,,
,779E2205,Hewlett-Packard,LaserJet 4250,CNGXB77461,10.10.24.17,00-17-08-85-7B-5C, ,Jan 3 2013,43594,43594,,Jul 13 2012,43594,43594,
,63AE8DDC,Hewlett-Packard,LaserJet M3035 MFP,CNQCB83903,10.10.21.229,80-C1-6E-95-1C-DB, ,Nov 13 2012,5420,5420,,Jul 13 2012,1386,1386,
,A3F0DDC4,Hewlett-Packard,LaserJet M3035 MFP,CNQCB16744,10.12.26.170,F4-CE-46-38-8B-26, ,Jan 29 2013,86524,86524,,Jul 13 2012,70119,70119,
,37FD4A2C,Hewlett-Packard,LaserJet 4350,CNGXB29673,10.10.27.200,00-14-38-8E-7F-64, ,Dec 6 2012,128123,128123,,Jul 13 2012,122465,122465,
,C7157A7E,Hewlett-Packard,LaserJet 4350,JPRFH18607,10.10.27.210,00-1E-0B-11-FB-CE, ,Aug 1 2012,85780,85780,,Jul 13 2012,85708,85708,
,873DE9CA,Hewlett-Packard,LaserJet M3035 MFP,CNNLB15262,10.12.31.40,00-21-5A-7E-36-E6, ,Jan 29 2013,82820,82820,,Jul 13 2012,71700,71700,
,AF1AF5C8,Hewlett-Packard,LaserJet 4300,XXXXXXXXXX,10.12.38.40,00-11-0A-EC-2C-41, ,Jan 29 2013,160239,160239,,Jul 13 2012,145245,145245,
,887850A8,Hewlett-Packard,LaserJet 4300,CNDY500685,10.10.30.203,00-01-E6-8F-CF-CB, ,Sep 19 2012,668757,,,Jul 13 2012,664148,,
,D3B8618C,Hewlett-Packard,ZTC TLP3844-Z-300dpi,,10.12.34.171,00-07-4D-2A-29-CB, ,,,,,,,,
,51C8B911,Hewlett-Packard,ZTC LP2844-Z-200dpi,,10.101.68.219,00-07-4D-2A-EA-42, ,,,,,,,,
,7E87FCF6,Hewlett-Packard,LaserJet P2015 Series,CNBJP72211,10.12.139.160,00-1B-78-1D-58-F5, ,Jan 29 2013,34070,34070,,Jul 13 2012,30010,30010,
,FB843D1E,Hewlett-Packard,Color LaserJet CP3525,CNCC9BF0YK,10.10.29.216,00-23-7D-8D-28-BD, ,Jan 29 2013,26346,3293,23053,Jul 13 2012,24533,2548,21985
,EC8CDF63,Hewlett-Packard,LaserJet P4015,CNDY926889,10.12.39.40,68-B5-99-AA-3D-06, ,Jan 29 2013,31311,31311,,Jul 13 2012,23149,23149,
,4F20D250,Hewlett-Packard,ZTC TLP3844-Z-300dpi,,10.12.130.230,00-07-4D-2A-2A-40, ,,,,,,,,
,28F7D07E,Hewlett-Packard,LaserJet 4050 Series,USCC093269,10.101.68.208,00-10-83-A2-8E-3D, ,Jan 26 2013,105848,,,Jul 13 2012,104249,,
,581B7724,Hewlett-Packard,ZTC TLP3844-Z-300dpi,,10.12.47.21,00-07-4D-2A-2A-36, ,,,,,,,,
,0E198571,Hewlett-Packard,Color LaserJet 3600n,CNNCH22327,10.10.30.200,00-14-38-46-1E-05, ,Nov 6 2012,35015,1718,33297,Jul 13 2012,30154,,30154
,40039B76,Hewlett-Packard,LaserJet 4250,CNGXG07052,10.12.47.20,00-14-38-5E-B8-37, ,Oct 28 2012,178741,178741,,Jul 13 2012,171186,171186,
,32FA2665,Hewlett-Packard,LaserJet 4300,CNGY303661,10.12.134.60,00-0E-7F-E8-ED-2B, ,Jan 26 2013,112572,,,Jul 13 2012,108681,,
,98EABEF4,Hewlett-Packard,LaserJet 4350,CNGXB29688,10.12.33.170,00-14-38-8F-FE-3B, ,Jan 29 2013,174885,174885,,Jul 13 2012,163690,163690,
,4B1B7165,Hewlett-Packard,LaserJet 4250,CNDXC02023,10.10.41.16,00-12-79-DF-DF-EF, ,Nov 13 2012,302173,302173,,Jul 13 2012,288231,288231,
,D95D0A67,Hewlett-Packard,ZTC LP2844-Z-200dpi,,10.12.139.33,00-07-4D-29-CD-8D, ,,,,,,,,
,8A51D2BD,Hewlett-Packard,LaserJet 600 M602,CNBCD5N42D,10.101.96.230,A0-B3-CC-9E-37-79, ,Jan 26 2013,15517,15517,,Jul 13 2012,839,839,
,5779A8FA,Hewlett-Packard,LaserJet P2055dn,VNB3R42022,10.10.29.215,E8-39-35-93-CA-88, ,Jan 29 2013,3930,3930,,Jul 13 2012,5,5,
,AC572119,Hewlett-Packard,LaserJet 4350,CNRXY25824,10.12.139.20,00-1B-78-28-A7-8A, ,Oct 4 2012,21469,21469,,Jul 13 2012,21110,21110,
,FA08C8E1,Hewlett-Packard,LaserJet P4014,CNDX135324,10.10.41.204,00-23-7D-89-20-98, ,Nov 13 2012,294600,294600,,Jul 13 2012,265293,265293,
,B62E8C59,Hewlett-Packard,LaserJet P4015,CNDY931656,10.101.68.222,68-B5-99-AD-B5-DD, ,Jan 26 2013,7358,7358,,Jul 13 2012,5585,5585,
,13811BDA,Hewlett-Packard,LaserJet 9050,JPRL77S06Q,10.10.29.205,00-1A-4B-13-3E-7D, ,Jan 29 2013,423724,423724,,Jul 13 2012,387822,387822,
,35BF0DE2,Hewlett-Packard,LaserJet P2055dn,VNB3R06332,10.12.138.182,2C-76-8A-04-B0-41, ,Nov 8 2012,9417,9417,,Jul 13 2012,6357,6357,
,AD5F66E2,Hewlett-Packard,ZTC TLP3844-Z-300dpi,,10.12.31.41,00-07-4D-2A-31-82, ,,,,,,,,
,FDF606CF,Hewlett-Packard,LaserJet 4300,CNGY439293,10.12.131.46,00-0E-7F-34-E2-44, ,Jan 29 2013,154196,,,Jul 13 2012,150584,,
,64433208,Hewlett-Packard,LaserJet 4350,CNGXF64463,10.12.31.170,00-14-38-D1-D8-49, ,Jan 23 2013,165943,165943,,Jul 13 2012,153179,153179,
,4B06116E,Hewlett-Packard,LaserJet 4000 Series,USNC114657,10.10.24.210,00-60-B0-D3-9C-05, ,Jan 3 2013,565815,,,Jul 13 2012,559773,,
,B759AD44,Hewlett-Packard,LaserJet 4250,CNBXB12135,10.12.131.44,00-11-85-D7-17-9D, ,Jan 29 2013,202863,202863,,Jul 13 2012,194011,194011,
,B577B8E4,Hewlett-Packard,LaserJet 4300,CNGY519104,10.12.29.170,00-11-0A-C2-8A-A8, ,Jan 29 2013,173820,,,Jul 13 2012,164938,,
,5B215C0C,Hewlett-Packard,LaserJet 4300,CNGY201365,10.12.131.48,00-01-E6-A8-4E-34, ,Jan 29 2013,418664,,,Jul 13 2012,384522,,
,5A3F4F9C,Hewlett-Packard,LaserJet P4015,CNDY807474,10.12.130.231,00-23-7D-8C-B4-D1, ,Jan 29 2013,70836,70836,,Jul 13 2012,61141,61141,
,F25D7BDB,Hewlett-Packard,LaserJet P4015,CNDY943090,10.12.131.41,9C-8E-99-8A-67-F0, ,Jan 29 2013,43072,43072,,Jul 13 2012,27456,27456,
,B520D283,Hewlett-Packard,LaserJet 4300,CNGY101881,10.12.130.188,00-01-E6-E2-1A-C2, ,Jan 29 2013,101503,,,Jul 13 2012,92009,,
,D978CC54,Hewlett-Packard,LaserJet P4015,JPDF270549,10.12.133.171,68-B5-99-AC-F8-4F, ,Jan 29 2013,62714,62714,,Jul 13 2012,46024,46024,
,515AD244,Hewlett-Packard,LaserJet 4350,CNRXY00750,10.12.133.190,00-1B-78-15-07-B5, ,Jan 29 2013,84698,84698,,Jul 13 2012,75613,75613,
,086117A8,Hewlett-Packard,LaserJet P4015,CNDYC10666,10.12.133.216,98-4B-E1-40-B2-BC, ,Jan 29 2013,31020,31020,,Jul 13 2012,21450,21450,
,C9D49A76,Hewlett-Packard,Color LaserJet 2550 Series,XXXXXXXXXX,10.10.21.201,00-0E-7F-DD-B7-C8, ,Nov 13 2012,45681,8840,36841,Jul 13 2012,43032,8542,34490
,5C484E33,Hewlett-Packard,LaserJet 4200,XXXXXXXXXX,10.12.33.40,00-10-83-41-69-14, ,Jan 29 2013,81287,81287,,Jul 13 2012,69610,69610,
,53A75FD1,Hewlett-Packard,LaserJet P4015,CNDY275145,10.12.134.58,00-23-7D-85-D4-60, ,Jan 26 2013,50974,50974,,Jul 13 2012,46933,46933,
,AAB06D18,Hewlett-Packard,LaserJet 9050,JPFL72N0CF,10.10.21.202,00-17-A4-98-9C-44, ,Nov 13 2012,217131,217131,,Jul 13 2012,213829,213829,
,3952F722,Hewlett-Packard,Officejet 6500 E709a,,10.12.32.65,F4-CE-46-C5-E8-30, ,Jan 29 2013,9704,,,Jul 13 2012,7469,,
,41B0F4AF,Hewlett-Packard,LaserJet 4000 Series,USSC033288,10.10.21.228,00-60-B0-F9-70-9D, ,Oct 31 2012,125000,,,Jul 13 2012,124284,,
,C1E85822,Hewlett-Packard,ZTC TLP3844-Z-300dpi,,10.12.135.18,00-07-4D-29-BA-18, ,,,,,,,,
,5E6AE3F9,Hewlett-Packard,LaserJet 4350,CNRXR13960,10.12.3.170,00-18-FE-A7-0E-AE, ,Jan 29 2013,32459,32459,,Jul 26 2012,24689,24689,
,DFEF4515,Hewlett-Packard,ZTC TLP3844-Z-300dpi,,10.12.18.41,00-07-4D-28-AA-DF, ,,,,,,,,
,55FEE575,Hewlett-Packard,ZTC TLP3844-Z-300dpi,,10.12.129.21,00-07-4D-2A-A0-EE, ,,,,,,,,
,47BC1075,Hewlett-Packard,LaserJet P4015,CNDY947806,10.10.11.202,3C-D9-2B-A0-15-1C, ,Jan 29 2013,79230,79230,,Jul 13 2012,34172,34172,
,C70521FA,Hewlett-Packard,Officejet Pro 8600,,10.12.22.63,EC-9A-74-92-24-04, ,,,,,,,,
,EFB095B3,Hewlett-Packard,LaserJet P4015,CNDYB07310,10.12.47.170,78-E7-D1-AB-02-A8, ,Oct 26 2012,32472,32472,,Oct 16 2012,31937,31937,
,A3555395,Hewlett-Packard,LaserJet P4015,CNDY389449,10.12.135.46,18-A9-05-FD-19-4B, ,Jan 29 2013,27320,27320,,Oct 18 2012,24226,24226,
,33C10358,Hewlett-Packard,ZTC TLP3844-Z-300dpi,,10.101.64.200,00-07-4D-28-C2-2E, ,,,,,,,,
,0BC9CE43,Hewlett-Packard,LaserJet 1300N,CNCB121166,10.101.67.203,00-30-6E-CB-9F-8B, ,Jan 26 2013,48214,,,Nov 27 2012,47493,,
,FA23F03C,Hewlett-Packard,LaserJet 4350,CNGXD68115,10.101.66.206,00-14-38-CB-BF-34, ,Jan 29 2013,152909,152909,,Nov 27 2012,150325,150325,
,E9D2E10A,Hewlett-Packard,LaserJet 600 M602,CNBCCB4144,10.12.47.20,2C-41-38-80-BE-26, ,Jan 29 2013,5678,5678,,Oct 30 2012,54,54,
,E119FAC4,Hewlett-Packard,ZTC S4M-200dpi ZPL,,10.10.46.61,00-07-4D-42-18-14, ,,,,,,,,
,D78531E1,Hewlett-Packard,LaserJet 4300,CNGY204761,10.12.135.177,00-0E-7F-35-9A-69, ,Jan 29 2013,81755,,,Nov 8 2012,79085,,
,7.80E+14,Hewlett-Packard,LaserJet 600 M602,CNBCD940Y1,10.12.30.40,10-60-4B-13-C2-1E, ,Jan 29 2013,7180,7180,,Oct 3 2012,104,104,
,C09EDCA3,Hewlett-Packard,LaserJet 600 M602,CNBCD9413M,10.12.25.40,10-60-4B-14-83-38, ,Jan 29 2013,6554,6554,,Oct 3 2012,286,286,
,BE9B17D1,Hewlett-Packard,LaserJet P4015,JPDF270513,10.12.133.178,68-B5-99-AC-88-18, ,Jan 29 2013,5600,5600,,Oct 3 2012,914,914,
,6E0D2FD2,Hewlett-Packard,LaserJet P4015,JPDF268293,10.12.133.187,78-E7-D1-A0-9F-B4, ,Jan 29 2013,5417,5417,,Oct 3 2012,3,3,
,94517BF8,Hewlett-Packard,LaserJet 600 M602,CNBCD7M2T1,10.12.140.183,B4-B5-2F-F3-19-14, ,Jan 26 2013,3992,3992,,Oct 3 2012,8,8,
,3C5A733A,Hewlett-Packard,LaserJet 600 M602,CNBCD7M2TB,10.12.140.181,B4-B5-2F-F3-19-16, ,Jan 26 2013,1218,1218,,Oct 3 2012,1,1,
,305D33DC,Hewlett-Packard,LaserJet 600 M602,CNBCD7M2T5,10.12.140.180,B4-B5-2F-F2-C7-6A, ,Jan 26 2013,6753,6753,,Oct 3 2012,2,2,
,E68EC364,Hewlett-Packard,LaserJet 600 M602,CNBCD7N336,10.12.140.177,B4-B5-2F-F2-08-C6, ,Jan 29 2013,5065,5065,,Oct 3 2012,1,1,
,C481B559,Hewlett-Packard,LaserJet 600 M602,CNBCD7M2PP,10.12.140.176,B4-B5-2F-F3-88-54, ,Jan 26 2013,1134,1134,,Oct 3 2012,2,2,
,5B8741D3,Hewlett-Packard,LaserJet 600 M602,CNBCD7M2TV,10.12.140.179,B4-B5-2F-F3-88-4B, ,Jan 26 2013,7757,7757,,Oct 3 2012,1,1,
,82CF9ABA,Hewlett-Packard,LaserJet 600 M602,CNBCD7N341,10.12.140.178,B4-B5-2F-F2-E6-ED, ,Jan 26 2013,2795,2795,,Oct 3 2012,1,1,
,38CF69BF,Hewlett-Packard,LaserJet 600 M602,CNBCD7M2TS,10.12.140.182,B4-B5-2F-F3-88-49, ,Jan 26 2013,2194,2194,,Oct 3 2012,1,1,
,A5050991,Hewlett-Packard,ZTC TLP3844-Z-300dpi,,10.101.68.202,00-07-4D-28-C2-3A, ,,,,,,,,
,6070200F,Hewlett-Packard,LaserJet 600 M602,CNBCD94136,10.12.139.95,10-60-4B-14-83-3B, ,Jan 26 2013,2737,2737,,Oct 6 2012,31,31,
,9DA73358,Hewlett-Packard,ZTC 105SL-300dpi,,10.101.66.202,00-07-4D-29-3B-2D, ,,,,,,,,
,A71115FF,Chippcom,IP Controller,,10.101.3.91,00-50-AA-22-F4-21, ,Jan 29 2013,101326,,,Nov 6 2012,99515,,
,15DC582A,--,--,,10.10.18.215,00-0E-8C-BC-A8-AE, ,,,,,,,,
,3320A447,--,--,,10.10.18.213,00-0E-8C-B0-B5-17, ,,,,,,,,
